municipio,quarter,pib_mun,total_pixeles_median,suma_rad_trend_sum,suma_rad_trend_mean,suma_rad_trend_std,suma_rad_trend_median,media_rad_trend_mean,std_rad_trend_mean,max_rad_trend_max,min_rad_trend_min,p25_rad_trend_mean,mediana_rad_trend_mean,p75_rad_trend_mean
azcapotzalco,2012Q1,123174.5839800584,134.0,3503476.073972603,52290.68767123288,0.0,52290.68767123288,390.22901247188713,72.11596836142337,608.8657534246576,240.8849315068493,340.9034246575343,381.91780821917814,430.82260273972605
azcapotzalco,2012Q2,123818.55716425276,134.0,4444708.452054795,52290.68767123288,0.0,52290.68767123288,390.22901247188713,72.11596836142337,608.8657534246576,240.8849315068493,340.9034246575343,381.91780821917814,430.8226027397261
azcapotzalco,2012Q3,124559.77915525668,134.0,4024974.8246575342,52272.400320227716,91.45163703629372,52290.68767123288,390.0925397031919,72.51147426749307,620.150684931507,237.8246575342466,340.6155043586551,381.49254581035404,430.64949297278065
azcapotzalco,2012Q4,125046.71299164821,134.0,3802760.64109589,50703.47521461187,740.2992411112982,50782.48767123288,378.38414339262596,69.7935602197411,611.6712328767123,229.04383561643837,331.10559817351594,370.01358904109594,417.00273059360734
azcapotzalco,2013Q1,125754.53316643953,134.0,3586557.8794520553,49130.92985550761,236.47359462680046,49133.18630136985,366.6487302649821,67.81230670522746,587.2794520547947,224.89041095890414,320.7881403640457,358.8766372677801,404.0843966973166
azcapotzalco,2013Q2,126383.86182870697,134.0,3927011.202739726,50346.297471022124,562.4217016483736,50655.852054794515,375.71863784344873,69.83148809546749,609.145205479452,228.79452054794513,328.81945907973306,367.33298208640673,413.2599578503688
azcapotzalco,2013Q3,127012.47161882157,134.0,3591410.5479452056,49880.70205479452,627.1390402260554,49683.81780821919,372.2440451850337,69.27437583338181,608.2328767123287,230.32054794520548,326.01456430745816,363.43371385083714,409.1440639269406
azcapotzalco,2013Q4,127609.05192995889,134.0,3408163.0328767127,46687.16483392757,1101.369887965239,46158.342465753434,348.4116778651311,63.644654862564444,577.7506849315068,216.33150684931508,305.6515387502346,340.28431225370616,382.3757365359354
azcapotzalco,2014Q2,128204.65658563017,134.0,2854413.8000000003,46793.66885245902,862.9291736003252,46863.808219178085,349.20648397357473,64.82988323282967,558.4438356164385,215.86575342465753,304.67801482146865,341.32162587019985,385.60143723332584
azcapotzalco,2014Q3,129177.52316686424,134.0,3828270.556164384,49080.39174569723,465.0168901639194,49003.39589041097,366.27158019177034,68.54393259139133,564.0054794520548,222.56164383561648,318.93270108886554,359.3527397260274,406.96588514225505
azcapotzalco,2014Q4,130421.8963139801,134.0,3433423.4356164383,49048.90622309197,258.4726264477096,49088.31643835617,366.03661360516395,66.73691289620011,553.301369863014,225.3643835616438,318.995313111546,361.1905870841488,407.90952054794525
azcapotzalco,2015Q1,131327.00359281673,134.0,3594904.0356164384,51355.77193737769,1330.0300971176064,51631.947945205466,383.2520293834156,68.74101479750719,587.1835616438354,230.2054794520548,334.3962622309198,379.5430919765167,427.7128767123287
azcapotzalco,2015Q3,132728.63047757713,134.0,4036854.671232877,60251.562257207115,540.8575933996095,60389.4712328767,449.6385243075158,80.57346995053302,661.2821917808219,271.1205479452053,392.66851359640157,448.6630341443468,503.9530770803517
azcapotzalco,2015Q4,133532.99996689789,134.0,4537326.676712329,59701.666798846425,889.2299697741554,60133.2205479452,445.5348268570629,77.46836790768688,655.7150684931507,269.61095890410957,390.8425829127614,445.7597512617159,498.85535328046143
azcapotzalco,2016Q1,133963.92173185083,134.0,4210319.991780822,57675.616325764684,289.30192323804806,57737.28493150685,430.4150472071992,75.03294168094489,625.8876712328764,261.8630136986302,377.5051510602364,430.9044098329893,481.9209513980109
azcapotzalco,2016Q2,134857.9885394609,134.0,4248736.687671233,59010.23177321157,1178.9155569189622,59104.93150684931,440.3748639791908,78.30311549112167,658.3945205479454,261.9917808219178,385.72597031963465,441.30751522070017,494.19499619482497
azcapotzalco,2016Q3,136130.74532700315,134.0,4484628.6630136985,61433.26935635204,277.2499607795306,61498.34246575343,458.45723400262705,81.44667626077948,674.9041095890411,271.9808219178082,402.3099924939013,460.46871833364605,514.7228936010509
azcapotzalco,2016Q4,136982.30298947557,134.0,4151253.9424657533,60163.1006154457,643.8059188320924,59940.547945205486,448.97836280183367,78.00335686287244,670.4410958904108,271.0931506849315,395.4594798491165,451.0839189994044,502.0212725828866
azcapotzalco,2017Q1,137373.60744966974,134.0,4233443.767123288,58797.83009893455,623.3049461620424,58678.46712328767,438.7897768577205,76.67973749910401,669.5397260273973,264.9506849315068,385.64374999999995,440.8511415525114,490.6067066210046
azcapotzalco,2017Q2,137431.05363168783,134.0,4290085.249315069,64031.12312410551,1785.1899591341996,64232.504109589056,477.84420241869776,85.38942548886293,729.1972602739728,273.5671232876713,419.3255775914946,480.15411981189936,535.9762625230014
azcapotzalco,2017Q3,137904.01821359165,134.0,5293726.77260274,67868.29195644538,477.48064166595856,68019.18356164386,506.4797907197416,89.72976405115317,749.3479452054796,296.4657534246575,445.40776255707755,508.7502985598876,567.3005005268705
azcapotzalco,2017Q4,138525.436254073,134.0,4037729.301369863,65124.666151126825,923.9648676342233,65148.00410958904,486.00497127706586,85.24011054979968,733.3260273972603,287.0164383561644,427.6264913831198,486.56117984975697,543.2494807777286
azcapotzalco,2018Q2,140380.20089972718,134.0,4305187.438356164,65230.11270236612,1846.3122628723422,65308.94931506847,486.79188583855307,86.45101823081502,732.7150684931506,279.47671232876706,428.2908883354089,486.89396014943964,544.9507368202574
azcapotzalco,2018Q3,140865.62128918534,134.0,5078561.2,67714.14933333333,498.73227518899466,67894.42465753424,505.3294726368159,88.64950256955251,734.9890410958906,292.4356164383561,446.28442922374427,506.504894977169,564.5552602739726
azcapotzalco,2018Q4,140740.14569779404,134.0,5130481.539726027,64942.80430032946,1199.3356279643542,64691.038356164376,484.64779328604067,84.0446709612247,719.8246575342467,277.50958904109604,429.2184758106468,485.8532512571528,540.4830414426913
azcapotzalco,2019Q1,140578.8984951321,134.0,4201287.682191781,63655.87397260274,305.67014236213856,63688.739726027394,475.0438356164384,82.30706623428014,693.7534246575343,274.87671232876716,421.34623287671235,476.8012660855127,529.3145392278955
azcapotzalco,2019Q2,140010.26456604345,134.0,4284096.854794521,66939.01335616439,1563.215749305246,66940.74657534246,499.54487579227145,87.02037563202317,755.2410958904111,279.7287671232877,443.6752354452055,501.5472174657534,555.9956228595889
azcapotzalco,2019Q3,137768.05629420877,134.0,5313871.627397262,69919.36351838503,412.6204119322806,69986.7260273973,521.786294913321,91.25690060015984,767.0136986301369,296.24931506849316,463.9302721701514,524.1279379956741,580.6364906272529
azcapotzalco,2020Q2,124917.23424530317,134.0,5011474.517808219,67722.62861902999,1142.700178524202,67902.88219178081,505.39275088828344,90.16938734884548,781.9150684931503,287.7123287671233,447.6340984820437,504.52447241762314,561.0954924102184
azcapotzalco,2020Q3,124518.08396477226,134.0,5226367.030136987,71594.06890598612,717.3220894223558,71853.60273972603,534.2840963133292,96.52673452778293,815.1643835616438,298.4082191780822,472.74684743854374,532.6646087446051,593.730643647964
azcapotzalco,2020Q4,128128.88067776778,134.0,4733648.372602739,68603.59960293825,1545.052355771992,68082.76712328767,511.9671612159571,90.66333548420889,804.2164383561642,287.96986301369867,453.7746575342466,510.01995235259074,567.6092416120707
azcapotzalco,2021Q1,131767.14775468886,134.0,4978168.082191781,65502.211607786594,621.3384383481665,65334.765753424654,488.82247468497457,87.2748488009568,761.172602739726,280.7287671232877,431.8240717375631,486.0349134823359,542.2209895457822
azcapotzalco,2021Q2,131983.4562037853,134.0,4461724.545205479,68641.91608008428,998.3451700130323,69250.28767123286,512.2531050752559,92.66474219895066,798.9945205479452,284.7260273972603,451.930937829294,508.84735511064275,568.9728556375132
azcapotzalco,2021Q3,131775.7748261437,134.0,5219776.816438356,70537.52454646428,333.76298194404166,70590.37260273972,526.3994369139124,95.79973840888351,815.5561643835617,294.1671232876713,463.89577934098475,522.3023880044428,585.0471769714919
azcapotzalco,2021Q4,132190.54165034145,134.0,4647217.306849314,69361.45234103454,1152.586938070496,69191.26849315065,517.6227786644369,93.10804127033514,809.4657534246574,292.2575342465753,456.20630750357805,513.0178491106113,574.7467389081987
azcapotzalco,2022Q1,133506.75356305728,134.0,5083019.309589041,68689.45012958164,1184.6909719762311,68432.88219178081,512.6078367879226,93.79706324078948,807.7972602739726,291.4520547945205,449.86118104405773,507.16653091447614,570.5517678637542
azcapotzalco,2022Q2,135763.08491711912,134.0,5018235.794520548,74899.0417092619,2211.4023631067025,75108.34794520549,558.9480724571783,102.38120115264854,888.5780821917807,305.1890410958905,490.7228378654672,553.804334491924,623.4929462277653
azcapotzalco,2022Q3,137840.9349111031,134.0,5246089.123287671,79486.19883769199,429.8939909012063,79507.33698630136,593.1805883409851,108.59542483340125,904.8657534246576,330.4191780821919,520.5465960979659,588.76799501868,662.2131278538814
azcapotzalco,2023Q1,141525.41995629907,134.0,5941348.649315068,79217.98199086757,762.4600730603382,78912.99999999999,591.1789700811014,105.2423781996392,915.2849315068494,341.16712328767136,521.0081643835616,588.0090776255707,657.6862100456622
azcapotzalco,2023Q2,142693.28076039007,134.0,5042221.93150685,82659.3759263418,1262.7913907517511,82803.09041095892,616.8610143756849,110.86424142004132,960.9452054794523,351.26575342465753,543.5806871771839,614.0089153379744,686.5519537390524
azcapotzalco,2023Q4,142693.28076039007,134.0,6638555.387671232,84032.34667938268,1745.8909802338924,84064.1383561644,627.1070647715127,110.33396845171035,982.8054794520547,363.0630136986301,555.2021501647304,624.4311600485521,694.6892925264435
coyoacan,2012Q1,180028.6655536831,224.0,5814597.936986299,86785.04383561641,0.0,86785.04383561641,387.4332314090019,109.57791584703973,851.3342465753426,156.6767123287671,322.3575342465753,368.85616438356163,436.60342465753433
coyoacan,2012Q2,180969.87947344463,224.0,7376728.726027395,86785.04383561641,0.0,86785.04383561641,387.4332314090019,109.57791584703975,851.3342465753426,156.6767123287671,322.3575342465753,368.85616438356163,436.60342465753433
coyoacan,2012Q3,182053.22963877648,224.0,6702161.8164383555,87041.06255114748,425.32597818743477,86785.04383561641,388.57617210333694,110.03910667297282,864.5561643835616,154.65205479452058,323.1358388187155,369.50784557907843,438.26159046433025
coyoacan,2012Q4,182764.91906321727,224.0,6347288.356164383,84630.5114155251,1480.648922764489,84717.48767123287,377.81478310502285,104.58333061261638,847.4082191780823,154.63835616438354,314.99999999999994,358.55234703196345,426.37066666666664
coyoacan,2013Q1,183799.45003058214,224.0,5963710.778082192,81694.66819290674,634.8277327902042,81779.31780821917,364.7083401469051,98.22493396705889,772.6465753424657,153.6849315068493,304.7786639144305,346.22807280915754,411.1380653030588
coyoacan,2013Q2,184719.2599102001,224.0,6680063.093150685,85641.83452757288,1512.5538091295496,86221.09726027396,382.32961842666464,103.5978077124773,806.3150684931506,158.45753424657534,318.52304179838427,363.02781875658593,431.50057077625576
coyoacan,2013Q3,185638.01910557627,224.0,6266081.602739726,87028.91114916286,558.5585720678037,86915.601369863,388.52192477304857,107.18999764026988,817.1123287671236,162.70684931506852,321.41222412480977,369.6396308980213,439.48912671232875
coyoacan,2013Q4,186509.96487425079,224.0,5993326.989041096,82100.36971289173,1858.7036246665068,81251.27671232875,366.51950764683806,98.41081360450178,789.6904109589038,157.5123287671233,304.3585006567836,350.82553950084446,413.58576656033034
coyoacan,2014Q2,187380.48465108575,224.0,5142135.717808219,84297.30684931506,2148.7810950742155,84518.49589041097,376.3272627201565,98.36191422732233,763.8109589041095,155.88219178082193,314.08006961598926,363.5156523691893,425.5880193128228
coyoacan,2014Q3,188802.40033143177,224.0,7029755.972602739,90125.07657182998,1196.4699123633966,89884.75342465751,402.34409183852677,104.31804960483115,793.4136986301368,162.09863013698634,336.4071390937829,391.27925886898487,455.89577625570786
coyoacan,2014Q4,190621.14272038414,224.0,6309706.304109589,90138.66148727985,500.7434703757344,90068.91506849315,402.4047387824993,101.5120182459741,782.9589041095891,163.24931506849313,338.34270058708415,394.17735812133077,455.75614481408996
coyoacan,2015Q1,191944.02322321793,224.0,6549361.657534246,93562.30939334638,2380.290839914987,93862.27671232876,417.6888812202963,104.66344676299066,800.0493150684929,168.8356164383561,351.3913600782779,410.7368884540117,474.3130332681018
coyoacan,2015Q3,193992.6034539288,224.0,7599642.405479453,113427.49858924556,1316.8974377520265,113605.56164383561,506.37276155913196,134.28884923639302,962.1561643835618,187.21643835616436,424.98680228992026,500.18540175833164,576.6037517890002
coyoacan,2015Q4,195168.24830772396,224.0,8545155.076712329,112436.25100937275,2041.5727718290038,113597.7493150685,501.9475491489855,134.29951870957137,958.7178082191781,188.227397260274,422.1206921413122,494.8752883922134,569.6486211247296
coyoacan,2016Q1,195798.0719920895,224.0,7812292.91780822,107017.71120285233,794.5997989197095,107127.26849315071,477.7576392984478,125.10024569625112,898.4602739726026,184.28493150684932,403.9701257271533,470.1722649652844,540.8783636704823
coyoacan,2016Q2,197104.81603853946,224.0,7918634.112328768,109981.02933789956,2634.250439843566,110506.48493150686,490.986738115623,127.43577094372209,932.1013698630138,184.73698630136988,416.5449296042618,485.04845890410957,556.1896308980213
coyoacan,2016Q3,198965.04319443318,224.0,8311432.61369863,113855.24128354287,379.8609880165435,113832.13424657533,508.28232715867347,130.11196895148703,944.5068493150687,183.5972602739726,433.52157065115404,503.2596359542128,574.8884687558641
coyoacan,2016Q4,200209.65701542847,224.0,7518457.602739725,108963.15366289458,2124.4995439459194,108832.03835616438,486.4426502807794,119.38433302335481,924.3726027397261,184.06575342465754,417.8123386936669,483.0270200516181,549.0148104030177
coyoacan,2017Q1,200781.57711061108,224.0,7424936.58630137,103124.11925418569,1172.6195538695758,102796.01095890411,460.3755323847575,109.34844308734392,830.2794520547945,178.89863013698638,396.7237918569254,458.67349695585995,520.5452340182649
coyoacan,2017Q2,200865.53890821335,224.0,7428487.84109589,110872.95285217746,2914.645776697083,111367.24109589041,494.9685395186494,120.6598720441936,897.7342465753424,179.6520547945205,425.92813330607237,493.86186873849925,560.3556941320794
coyoacan,2017Q3,201556.81124527345,224.0,9045303.293150684,115965.42683526517,1459.814099746316,116308.46164383562,517.7027983717196,126.75362196740672,922.9315068493149,185.33698630136988,446.284167544784,515.6797330523358,584.0377063575694
coyoacan,2017Q4,202465.0591724347,224.0,6760066.852054794,109033.33632346442,1849.202772510658,109049.86301369863,486.75596572975195,118.6226551995882,898.9972602739728,184.47671232876712,418.75479452054793,483.33155103844445,548.1431175430843
coyoacan,2018Q2,205175.93339083134,224.0,7252672.104109589,109888.97127438772,3983.1237942135504,109737.67260273971,490.5757646178023,121.62545568413483,943.8109589041097,183.94520547945203,419.2382627646326,486.32291407222914,553.4644146948941
coyoacan,2018Q3,205885.41080185998,224.0,8704088.42191781,116054.51229223746,659.7399238181544,116221.56164383561,518.1005013046314,129.82169576017426,954.4356164383562,191.08493150684933,441.5254794520548,514.6257351598174,585.5526666666666
coyoacan,2018Q4,205702.01904564034,224.0,8781293.021917809,111155.60787237732,2301.105398162665,111211.49589041094,496.23039228739873,123.77077914121382,955.0328767123289,193.68493150684938,421.6122420669326,493.1457083405584,561.0619732963412
coyoacan,2019Q1,205466.3444626095,224.0,7069745.594520547,107117.35749273557,758.6221664816494,107284.60273972603,478.20248880685523,118.68791765505489,962.7424657534244,193.2712328767124,406.19951224574515,475.75037359900375,541.1624221668743
coyoacan,2019Q2,204635.24437576887,224.0,7202617.827397261,112540.9035530822,2940.96006235915,112447.86164383561,502.4147480048312,138.95498271032858,1364.5972602739723,195.0931506849315,425.2830158390411,498.12328767123284,567.6267979452056
coyoacan,2019Q3,201358.0929535471,224.0,8958359.895890411,117873.15652487383,1233.7449535863268,118272.16438356166,526.2194487717582,162.26943353681148,1465.369863013699,200.06575342465752,445.08056056236484,518.9739545782264,591.6485400144196
coyoacan,2020Q2,182575.67640317435,224.0,8248142.0383561645,111461.37889670492,3146.615704769956,111858.46164383562,497.5954415031471,179.3127305450048,1954.7643835616436,192.26301369863012,417.99084598296923,484.3972972972973,556.1725564605703
coyoacan,2020Q3,181992.28906759393,224.0,8925026.295890411,122260.63419027961,1833.453538408147,123011.83013698632,545.8064026351768,212.83012849309284,2150.419178082192,195.14246575342463,455.76979733533494,529.0682867329706,609.8143178832802
coyoacan,2020Q4,187269.73261821677,224.0,8061919.83561644,116839.41790748463,2900.584965839705,116047.7890410959,521.6045442298421,187.1665201878081,2004.3123287671228,190.37260273972603,437.4851895969823,507.8309906690491,585.0292435973795
coyoacan,2021Q1,192587.32611536258,224.0,8493606.824657533,111757.98453496755,1112.545518169879,111519.84520547945,498.9195738168195,177.69974885405566,1714.12602739726,186.3835616438356,417.63279560201875,486.07784787310743,561.2942591925018
coyoacan,2021Q2,192903.47673816574,224.0,7749445.249315069,119222.23460484721,2608.124261034573,120297.92602739729,532.2421187716393,189.98418831540639,1835.972602739726,188.08493150684936,446.5316227608008,519.6979346680716,601.0348261327713
coyoacan,2021Q3,192599.93521142335,224.0,9248546.019178081,124980.35161051461,938.951453631862,125330.4808219178,557.947998261226,187.80935901548924,1789.9945205479453,192.53424657534248,470.59662162162164,546.9438911514254,633.0104313217328
coyoacan,2021Q4,193206.14726803033,224.0,8136401.830136986,121438.83328562666,2628.2216684430136,121145.2904109589,542.1376485965476,160.9422062051705,1599.2356164383564,196.31780821917803,460.966428133306,534.9971375996729,617.2585565324065
coyoacan,2022Q1,195129.88726840616,224.0,8726030.42739726,117919.33009996297,1598.7631540287828,117411.43972602737,526.4255808034061,153.0224858227266,1342.7671232876714,196.37260273972598,446.36687338022955,520.1815438726397,601.2474083672714
coyoacan,2022Q2,198427.6806085035,224.0,8664037.753424658,129313.996319771,4555.009644130738,129780.19452054794,577.294626427549,171.00340452130968,1541.4082191780826,203.51506849315072,487.91157227560825,571.2616233898999,660.866264567573
coyoacan,2022Q3,201464.6103837096,224.0,9163930.778082192,138847.43603154836,764.056612524452,139027.56164383556,619.8546251408409,187.9731672971727,1652.4657534246576,214.74794520547945,520.1334163553341,612.738210875882,710.4789539227895
coyoacan,2023Q1,206849.75482265092,224.0,10059475.928767124,134126.34571689498,1191.6779984299533,133625.11780821916,598.7783290932812,165.77670060608307,1337.5369863013698,227.76712328767124,500.95031963470313,593.4312328767122,688.3836073059359
coyoacan,2023Q2,208556.6688248691,224.0,8641732.386301368,141667.74403772736,3170.0806530228774,141927.80273972603,632.4452858827115,174.22512781486233,1431.2328767123292,231.6931506849315,530.1833033909724,627.5763081068942,727.2058387603861
coyoacan,2023Q4,208556.6688248691,224.0,11456156.313698629,145014.6368822611,3718.20882547344,145032.1191780822,647.3867717958087,168.1287890285172,1389.2054794520548,241.18356164383562,547.2298812207387,643.5054621120167,742.021020461245
cuajimalpa de morelos,2012Q1,52229.93548067736,272.0,2579591.230136987,38501.361643835626,0.0,38501.361643835626,141.54912369057215,133.70532739983062,685.1260273972604,20.39726027397261,33.697260273972596,91.03835616438356,218.2787671232877
cuajimalpa de morelos,2012Q2,52503.00056257124,272.0,3272615.7397260284,38501.361643835626,0.0,38501.361643835626,141.54912369057215,133.70532739983062,685.1260273972604,20.39726027397261,33.697260273972596,91.03835616438356,218.27876712328774
cuajimalpa de morelos,2012Q3,52817.302227054715,272.0,2958267.789041096,38419.062195338905,113.6479383353611,38495.13150684933,141.246552188746,134.03030437503742,704.5890410958905,18.96986301369863,33.391843088418426,90.56370752535136,217.61161714997334
cuajimalpa de morelos,2012Q4,53023.77763810384,272.0,2783261.271232877,37110.150283105024,556.7649873016675,37166.11780821918,136.4343760408273,128.18672857940763,695.8493150684931,19.40821917808219,33.9261095890411,88.21970776255706,208.466401826484
cuajimalpa de morelos,2013Q1,53323.915871712634,272.0,2639626.594520548,36159.2684180897,330.77901715997535,36046.315068493146,132.93848683121212,121.44994917391708,678.8739726027397,21.7068493150685,37.11304184650028,87.31628823419027,199.63634828297995
cuajimalpa de morelos,2013Q2,53590.7712112175,272.0,2940461.224657534,37698.22082894274,528.1361783251982,37852.350684931516,138.59640010640715,129.93900925439792,747.3780821917805,22.073972602739726,36.80660344221988,88.92629083245521,209.36035300316124
cuajimalpa de morelos,2013Q3,53857.32172609907,272.0,2735633.4931506845,37994.90962709284,336.6461720505272,37904.85342465753,139.68716774666487,134.71686746125434,786.5835616438355,21.85205479452055,35.745462328767125,88.95854261796042,210.2896213850837
cuajimalpa de morelos,2013Q4,54110.29072467745,272.0,2650202.016438356,36304.13721148433,644.0993708996825,36025.715068493155,133.47109268928065,126.51961950914404,778.4876712328768,22.43835616438356,37.360292737849505,87.37359729780445,197.14128354287857
cuajimalpa de morelos,2014Q2,54362.84601435262,272.0,2286946.742465753,37490.930204356606,891.0320193781128,37623.66849315069,137.8343022218993,134.31300852306188,831.3945205479456,20.208219178082196,36.97060408713227,88.38261845946553,203.84531776330564
cuajimalpa de morelos,2014Q3,54775.37234184068,272.0,3087886.41369863,39588.28735511064,335.1699176681736,39626.18493150685,145.54517409967147,142.5518738168636,839.2575342465753,20.602739726027394,37.46594661046715,92.40932560590096,216.58811907270814
cuajimalpa de morelos,2014Q4,55303.02607597687,272.0,2745236.104109589,39217.65863013698,250.4757536299909,39157.16027397261,144.18256849315068,134.4415039770682,804.021917808219,21.991780821917814,40.46285714285714,94.54669275929551,213.95795499021526
cuajimalpa de morelos,2015Q1,55686.82030729639,272.0,2827141.9205479454,40387.741722113504,904.0700536503473,40694.63424657534,148.48434456659373,132.7997185023197,743.9999999999999,24.087671232876712,44.441653620352255,99.20637964774953,220.38076320939334
cuajimalpa de morelos,2015Q3,56281.15462037895,272.0,3130205.210958904,46719.480760580656,363.4446374917192,46819.36712328768,171.76279691389948,157.02143581335048,819.482191780822,25.405479452054795,43.38285626661214,111.0157227560826,267.85181966877934
cuajimalpa de morelos,2015Q4,56622.232829635584,272.0,3528933.3452054793,46433.33348954578,521.9746179272565,46603.19452054793,170.71078488803596,149.78350842772298,792.0356164383561,26.575342465753433,46.237175558759915,114.67791997116078,266.5420061283346
cuajimalpa de morelos,2016Q1,56804.95734352032,272.0,3323119.1726027397,45522.180446612874,198.93703428859519,45592.810958904105,167.36095752431206,140.14587381140674,716.5424657534248,29.769863013698632,50.073053105648334,115.52411334209044,258.7691217864515
cuajimalpa de morelos,2016Q2,57184.07006440803,272.0,3415104.471232877,47432.00654490107,1044.4191296229922,47281.46575342465,174.38237700331277,156.19689814042852,870.3013698630136,27.936986301369867,47.3507705479452,117.79153348554034,273.27796803652967
cuajimalpa de morelos,2016Q3,57723.75936351446,272.0,3623522.5123287668,49637.29468943516,190.85853374925424,49689.38630136985,182.4900540052764,167.90689093046575,888.4931506849316,27.101369863013698,45.02406642897355,121.97370988928505,288.4593075623944
cuajimalpa de morelos,2016Q4,58084.84685682569,272.0,3362198.1561643835,48727.50950962875,632.1506225627503,48623.48493150686,179.14525555010567,162.3021647880769,880.8383561643834,27.057534246575337,45.94601945602541,122.05745483422673,281.13913043478266
cuajimalpa de morelos,2017Q1,58250.77237529587,272.0,3383224.753424658,46989.232686453586,346.24771787676286,46982.628767123286,172.7545319354911,154.95320249625166,836.7369863013697,26.926027397260274,46.27559931506849,118.2109779299848,269.1735540334855
cuajimalpa de morelos,2017Q2,58275.13138089156,272.0,3369740.5643835613,50294.63528930688,1300.1765885520178,50380.468493150685,184.9067473871577,174.34266457079102,934.6931506849317,22.841095890410962,41.897393171130645,121.92582294009405,295.2418012676344
cuajimalpa de morelos,2017Q3,58475.683384391596,272.0,4084693.7945205476,52367.86916051984,583.907158438556,52604.37260273972,192.52893073720531,179.26595831683537,957.7068493150686,21.789041095890408,40.53204250087812,126.15384615384616,312.0926852827538
cuajimalpa de morelos,2017Q4,58739.184369027535,272.0,3062840.317808219,49400.65028722934,885.3354405093937,49374.71232876713,181.6200378206961,162.54829706913463,820.5589041095891,22.827397260273976,43.119995581087046,122.17229341581971,291.60140300486086
cuajimalpa de morelos,2018Q2,59525.663483826436,272.0,3207619.131506849,48600.289871315894,1309.5669085656593,48517.90273972602,178.67753629160256,161.7770863940012,808.1534246575343,21.82191780821919,42.003652968036526,117.54487339144873,287.6313615608136
cuajimalpa de morelos,2018Q3,59731.49714531061,272.0,3770051.8219178086,50267.35762557078,494.38910457552817,50401.93424657534,184.8064618587161,171.64983920703517,810.5808219178084,21.268493150684932,38.835826484018256,118.25636529680364,302.4578447488584
cuajimalpa de morelos,2018Q4,59678.291509610426,272.0,3794441.967123288,48030.91097624415,1006.9916556437304,47948.05753424659,176.58423153030935,161.21183445134517,774.5452054794521,21.460273972602742,39.93800069360152,113.76774752904456,286.3290792439744
cuajimalpa de morelos,2019Q1,59609.91757466912,272.0,3081018.6383561646,46682.10058115401,222.3473390238384,46720.417808219194,171.62536978365443,153.46678501278296,705.4794520547946,23.435619178082195,42.398432959734336,111.35433789954338,274.94392901618926
cuajimalpa de morelos,2019Q2,59368.79872962205,272.0,3107063.8383561647,48547.872474315074,986.7807698500832,48453.23424657533,178.48482527321715,163.29713413335745,766.8273972602738,22.05205753424657,40.897174657534244,112.98548801369863,289.38579837328774
cuajimalpa de morelos,2019Q3,58418.03121259008,272.0,3805651.523287671,50074.36214852199,530.8319320126893,50319.90684931507,184.0969196636838,170.03804118824345,776.6082191780822,21.783564383561647,39.40061283345349,115.64448449891853,302.7821377072819
cuajimalpa de morelos,2020Q2,52968.87453756798,272.0,3412771.5287671234,46118.53417252869,831.2809959810613,46347.591780821924,169.55343445782609,150.42667808773683,678.7041095890412,21.94794520547946,42.25844131803036,109.01068122917438,276.24406701221767
cuajimalpa de morelos,2020Q3,52799.6221421014,272.0,3561808.402739726,48791.895927941456,422.1600042581951,48955.15068493152,179.38197032331416,164.3202590185103,712.9890410958906,20.676712328767117,39.23247325952336,111.57671232876713,299.3423062488272
cuajimalpa de morelos,2020Q4,54330.71462286944,272.0,3203094.1671232875,46421.654595989676,1215.2818011336617,46278.56164383561,170.6678477793738,153.50538368120417,697.0904109589042,20.73698630136986,40.03067301965455,107.58590430811992,282.467669247568
cuajimalpa de morelos,2021Q1,55873.45541036684,272.0,3342894.835616438,43985.458363374186,440.25786805085266,43840.120547945204,161.71124398299335,143.07349559481813,652.7452054794521,22.312328767123287,41.528415645277576,102.42236842105264,263.2044971160779
cuajimalpa de morelos,2021Q2,55965.17706247374,272.0,3019989.0821917807,46461.37049525816,920.2404939108186,46773.72054794521,170.81386211491974,156.48779241347262,709.6958904109587,22.77260273972603,40.239178082191785,104.20347734457322,279.371559536354
cuajimalpa de morelos,2021Q3,55877.11356264886,272.0,3559364.4657534244,48099.51980747871,193.76258981783926,48110.32191780822,176.83646988043643,164.30786656775527,722.0328767123286,22.767123287671236,39.884727878563496,106.34289152165866,288.99274342835986
cuajimalpa de morelos,2021Q4,56052.987868592376,272.0,3111671.1205479447,46442.85254549171,948.0338085554394,46216.18904109588,170.74578141724896,156.5271336742869,715.4986301369862,22.882191780821916,40.96309548149662,104.32717235739113,274.63386832958497
cuajimalpa de morelos,2022Q1,56611.1035208537,272.0,3311990.312328767,44756.625842280635,463.6310365980864,44677.46849315068,164.54641853779643,148.68811094557364,677.4821917808221,25.087671232876712,42.5047760088856,101.01795631247685,260.340031469826
cuajimalpa de morelos,2022Q2,57567.85967328169,272.0,3207070.046575343,47866.71711306482,1258.1167430958978,48010.13698630137,175.98057762156185,165.6547925640888,758.3205479452054,22.279452054794515,39.827601717440196,103.59983643426703,283.1572684522592
cuajimalpa de morelos,2022Q3,58448.934060688414,272.0,3295729.394520548,49935.29385637194,141.68562403285387,49962.69452054796,183.585639177838,178.0484960853068,768.723287671233,21.56986301369863,36.79773765047738,105.22266500622665,298.00666251556663
cuajimalpa de morelos,2023Q1,60011.27273456014,272.0,3612955.6657534246,48172.74221004566,435.99121837285753,48061.81643835617,177.10566988987378,168.82902417730546,774.490410958904,23.400000000000002,40.37850228310503,103.71081278538813,279.03079452054794
cuajimalpa de morelos,2023Q2,60506.48280531597,272.0,3103676.4000000004,50879.94098360656,1069.357857402511,51119.78904109588,187.05860655737706,181.15496340683217,838.8547945205482,23.432876712328767,41.40781495620931,108.57675724230857,293.97240062878956
cuajimalpa de morelos,2023Q4,60506.48280531597,272.0,4094823.420547945,51833.207855037275,1121.3364155309393,51914.39589041095,190.56326417293118,182.5183241770709,839.2684931506849,24.150684931506852,44.085685798508756,113.77325299115658,294.32543350095375
gustavo a. madero,2012Q1,344335.51609563024,360.0,9604889.813698629,143356.56438356164,0.0,143356.56438356164,398.2126788432268,121.0662396074606,762.676712328767,77.62739726027401,342.97602739726017,408.2506849315069,468.65821917808216
gustavo a. madero,2012Q2,346135.7481854518,360.0,12185307.97260274,143356.56438356164,0.0,143356.56438356164,398.2126788432268,121.06623960746062,762.676712328767,77.62739726027401,342.97602739726017,408.2506849315069,468.65821917808216
gustavo a. madero,2012Q3,348207.8400778431,360.0,11021562.115068492,143137.17032556483,299.78537307007673,143325.7369863014,397.6032509043468,121.51228504879958,779.7369863013698,74.12876712328766,342.26737235367364,407.5781355630671,468.24549012631206
gustavo a. madero,2012Q4,349569.0674385578,360.0,10365832.104109589,138211.09472146118,2198.1781913184823,138371.8136986301,383.91970755961444,116.79257037546229,771.2273972602741,76.45479452054794,330.3794794520548,392.55150684931505,451.68590867579906
gustavo a. madero,2013Q1,351547.7842916152,360.0,9761698.605479453,133721.898705198,653.3185589961204,133860.8410958904,371.44971862554996,113.7445393496122,744.0602739726031,76.66301369863014,317.4154344154626,378.75655845374365,437.35611747044476
gustavo a. madero,2013Q2,353307.0775054709,360.0,10799322.98630137,138452.8587987355,2077.9632423159824,139404.8315068493,384.59127444093195,119.83248149407497,786.5232876712328,74.95616438356166,326.33126975763963,391.72281348788204,454.1955040393396
gustavo a. madero,2013Q3,355064.36110658234,360.0,10009891.312328769,139026.26822678847,1209.428413385978,138674.42465753425,386.18407840774563,120.66623382286548,786.46301369863,76.25205479452055,325.6424942922374,392.9952245053273,456.9388508371386
gustavo a. madero,2013Q4,356732.10604787,360.0,9620611.446575344,131789.1978982924,2552.0572982737885,130424.65205479451,366.0811052730344,112.56757335438819,751.0301369863014,79.25205479452057,306.7802964908988,371.4568024019516,433.1240851942203
gustavo a. madero,2014Q2,358397.1235366463,360.0,8310343.487671232,136235.13914215134,3232.8477329356897,136468.794520548,378.43094206153154,118.43154307104949,780.4164383561643,74.36438356164379,315.4772176061083,384.80884796766225,450.3951044239838
gustavo a. madero,2014Q3,361116.77969879465,360.0,11180345.578082193,143337.76382156656,768.3099649317303,143417.76575342464,398.16045505990706,125.6805171506927,800.1589041095889,74.19726027397262,332.764181594661,406.4273445732351,474.7549701440113
gustavo a. madero,2014Q4,364595.43459644023,360.0,9860120.306849316,140858.8615264188,933.9056894799294,141012.5506849315,391.2746153511633,122.31430701144782,791.8575342465754,76.5041095890411,327.02179060665367,399.89927592954984,466.8469471624266
gustavo a. madero,2015Q1,367125.6690970136,360.0,10325860.775342464,147512.29679060663,3911.0178137191956,148125.91232876707,409.75637997390737,128.79968614945935,853.4904109589045,81.37808219178079,341.95751467710375,419.6687866927592,490.6374657534247
gustavo a. madero,2015Q3,371043.9280522508,360.0,11808820.75890411,176251.05610304643,1940.3403029508108,176748.43561643836,489.5862669529067,160.1886426561981,991.432876712329,81.26027397260275,406.9623389899816,503.946943365365,590.6165303618892
gustavo a. madero,2015Q4,373292.54927171994,360.0,13349952.983561642,175657.2760994953,1846.6276460166414,176311.54931506852,487.9368780541537,159.438109196558,987.0356164383562,83.22191780821919,404.20027036770006,501.53107426099496,589.9794340302811
gustavo a. madero,2016Q1,374497.1944471884,360.0,12600300.723287672,172606.85922311878,639.4548720374625,172724.53698630136,479.4634978419966,156.69349238312506,943.972602739726,84.43287671232873,395.87325014073934,491.68269844248454,580.5101895289923
gustavo a. madero,2016Q2,376996.56522381096,360.0,12752867.169863014,177123.1551369863,3295.7994784855837,177903.84794520552,492.0087642694064,162.3783367618406,976.5643835616436,79.95616438356163,405.94782153729074,505.62321156773214,597.1872146118723
gustavo a. madero,2016Q3,380554.5668110013,360.0,13220613.794520548,181104.298555076,858.2459928375686,181378.56712328765,503.0674959863223,166.2546057044275,978.2136986301367,79.03013698630136,416.96564083317696,519.0494839557141,611.2917432914243
gustavo a. madero,2016Q4,382935.1029388125,360.0,11940060.238356166,173044.35128052413,3017.973655721735,172347.10958904112,480.6787535570115,155.83006728036253,943.8383561643836,78.2027397260274,401.05276950565815,496.5888425650188,583.037780424856
gustavo a. madero,2017Q1,384028.9976279416,360.0,11946154.328767123,165918.8101217656,1443.0387975666363,165786.41917808214,460.8855836715711,148.37129644798057,885.0109589041095,76.7835616438356,384.9819539573821,476.503405631659,558.8731640030442
gustavo a. madero,2017Q2,384189.58888056665,360.0,11827853.605479453,176535.12843999182,3770.972830019988,176698.02739726027,490.3753567777551,158.95171146140697,939.5479452054796,71.44657534246574,412.66678593334694,510.647863422613,594.9215497853199
gustavo a. madero,2017Q3,385511.765080741,360.0,14278222.65479452,183054.13659992974,1850.8713407854805,183521.30410958902,508.4837127775826,163.066114977235,958.3753424657535,73.90136986301371,430.7097734457324,531.4550755180893,615.9219353705655
gustavo a. madero,2017Q4,387248.94408931735,360.0,10775418.106849317,173797.0662395051,2428.141544160708,173621.08493150695,482.7696284430697,151.6338602284671,914.0767123287673,78.93424657534247,408.79414494034467,503.71553247901016,584.30293857711
gustavo a. madero,2018Q2,392433.9532110096,360.0,11561484.139726026,175174.002117061,4715.539254798586,175309.30410958902,486.5944503251695,153.26498087271767,898.7945205479454,78.91780821917808,411.1766189290162,508.45859277708587,589.862795765878
gustavo a. madero,2018Q3,393790.94971894566,360.0,13632220.052054796,181762.93402739728,1170.8762251870494,182297.34794520555,504.89703896499236,158.55390324311605,900.9890410958903,78.10684931506849,429.7765936073059,528.5185388127856,611.0824566210044
gustavo a. madero,2018Q4,393440.1817185755,360.0,13825953.104109589,175012.06460898215,2928.7249263455933,174320.64931506853,486.1446239138393,151.9291197003074,878.978082191781,77.59452054794521,414.6769810993584,507.7648864227501,587.2006502514305
gustavo a. madero,2019Q1,392989.41389819,360.0,11407617.821917808,172842.69427148195,970.5172836523464,172994.07808219176,480.11859519856097,149.58757184349736,849.112328767123,77.6191780821918,410.1143835616438,500.8945620589456,578.6045869655459
gustavo a. madero,2019Q2,391399.793287221,360.0,11711974.882191783,182999.6075342466,4917.129457102053,182785.694520548,508.332243150685,159.1881153673398,931.4438356164383,78.66027397260272,435.7101241438356,531.2209118150685,611.8535851883562
gustavo a. madero,2019Q3,385131.6824681816,360.0,14828604.690410959,195113.2196106705,921.5747006032408,195393.25342465757,541.981165585196,170.09656641995304,963.0054794520547,77.01369863013697,466.4591113914924,567.4353100216294,652.1608777937995
gustavo a. madero,2020Q2,349207.10858710064,360.0,15045838.802739726,203322.14598296926,5023.19178584018,203980.44109589042,564.7837388415813,178.29111794594488,1036.1095890410957,83.96986301369864,482.275,590.6917437985932,681.1407904479823
gustavo a. madero,2020Q3,348091.28084565216,360.0,16108470.383561645,220663.97785700884,3471.156210087569,222316.37534246576,612.9554940472467,195.69649994187702,1093.6986301369861,80.813698630137,525.1874835804091,644.0265715894166,740.8688778382436
gustavo a. madero,2020Q4,358185.29139158595,360.0,14777987.55068493,214173.7326186222,4540.972323868694,212585.11506849315,594.9270350517282,188.70464059515376,1081.9890410958906,81.66301369863012,508.07541195155846,623.5659916617034,718.9452451856263
gustavo a. madero,2021Q1,368356.09555543994,360.0,15617963.153424656,205499.5151766402,2415.4825230229735,205005.9520547945,570.8319866017785,182.64254640346047,1030.835616438356,83.87123287671231,483.49507029560203,596.4166726748376,691.829902667628
gustavo a. madero,2021Q2,368960.7875223113,360.0,14203950.180821918,218522.31047418335,3731.379970879232,220800.43287671232,607.0064179838427,195.834382585128,1085.6684931506845,82.84109589041098,516.6784299262382,635.5524552160168,735.8439936775553
gustavo a. madero,2021Q3,368380.21260139055,360.0,16641694.764383562,224887.76708626436,952.3746210632903,224975.99178082193,624.6882419062898,200.1891232200967,1104.4767123287668,84.44931506849316,535.8279526101444,654.7482599037394,754.2122454646427
gustavo a. madero,2021Q4,369539.69651320635,360.0,14629492.37260274,218350.63242690658,4396.233928086966,218142.72602739726,606.529534519185,191.93029044981571,1097.4246575342465,87.40273972602742,520.8822940094051,633.4919443876508,729.7420363933755
gustavo a. madero,2022Q1,373219.17724382196,360.0,15859426.19178082,214316.5701592003,3176.7761299981344,213947.88356164383,595.3238059977787,188.67238764135243,1081.375342465754,90.1178082191781,510.1218992965568,620.515512773047,715.7351629026288
gustavo a. madero,2022Q2,379526.7692500546,360.0,15566434.095890412,232334.8372520957,6313.7718497277165,233197.4356164384,645.4515456961766,205.4299874744529,1189.6000000000001,86.13424657534244,558.1364342670211,675.6931506849315,774.425628705786
gustavo a. madero,2022Q3,385335.41521360504,360.0,15899122.389041098,240895.79377334996,106.56486632919058,240932.10958904112,672.8834104746091,214.48380469100857,1200.4657534246574,85.60547945205477,585.4537567455376,706.3235159817352,805.8437214611872
gustavo a. madero,2023Q1,395635.4220704544,360.0,17507991.02739726,233439.8803652968,1842.1750223003562,232710.31232876712,648.4441121258245,206.84267179694027,1181.2684931506853,87.55068493150682,561.5667214611872,677.576401826484,776.9317077625572
gustavo a. madero,2023Q2,398900.186112764,360.0,14637539.90410959,239959.6705591736,1175.3138585516037,240932.10958904112,672.5837939466527,215.01434392358112,1231.4136986301369,89.64383561643835,582.8881877386033,704.2742869975297,806.29874242084
gustavo a. madero,2023Q4,398900.186112764,360.0,18853703.342465755,238654.47268943992,3217.4581282425884,240932.10958904112,670.4069811475252,213.529301335385,1245.7342465753427,94.23013698630139,577.2290619039362,700.808409918502,804.6015866134906
iztacalco,2012Q1,114695.25599403142,79.0,2856229.641095891,42630.29315068494,0.0,42630.29315068494,539.6239639327208,105.33555338939045,799.5095890410959,312.0657534246575,466.5013698630137,533.6383561643837,604.9534246575341
iztacalco,2012Q2,115294.89811846855,79.0,3623574.9178082203,42630.29315068494,0.0,42630.29315068494,539.6239639327208,105.33555338939045,799.5095890410959,312.0657534246575,466.5013698630137,533.6383561643837,604.9534246575341
iztacalco,2012Q3,115985.09445004587,79.0,3283630.3397260276,42644.54986657179,106.15453528204648,42630.29315068494,539.8044286907822,105.35421427232208,812.4054794520549,310.1972602739726,466.97434620174346,533.9114748265433,604.9752001423233
iztacalco,2012Q4,116438.50780215528,79.0,3075779.320547945,41010.39094063926,867.0860708609246,41093.98904109589,519.1188726663198,100.21001236178601,805.413698630137,295.81095890410967,451.0782100456621,513.1795799086758,580.4378264840183
iztacalco,2013Q1,117097.60169573464,79.0,2878150.249315068,39426.71574404203,293.01399904162787,39473.997260273965,499.07235119040547,97.33642198224902,782.2328767123288,289.14246575342463,433.8594295364984,492.940851942203,557.7441733908802
iztacalco,2013Q2,117683.60742590076,79.0,3227903.8301369864,41383.38243765367,629.0691124882583,41707.25890410959,523.8402840209326,112.0268955197049,874.1287671232877,295.0958904109589,451.2717773094486,513.2799086757991,583.4907095187916
iztacalco,2013Q3,118268.94377101252,79.0,2987158.8821917805,41488.31780821917,322.1930797767769,41408.93287671234,525.1685798508756,123.56335903419141,909.5506849315068,291.4931506849315,446.807096651446,508.47123287671235,582.6654299847793
iztacalco,2013Q4,118824.45554378192,79.0,2862734.78630137,39215.54501782698,825.1506313434875,38842.304109589044,496.3993040231263,123.26923238918774,905.4520547945204,271.5232876712328,419.4596922499531,476.87896415837866,547.7105273034341
iztacalco,2014Q2,119379.05882512535,79.0,2458137.6684931503,40297.33882775656,847.447649865659,40317.232876712325,510.0928965538806,137.17528296785216,972.4356164383562,271.75342465753425,424.59991017291713,483.9235571524815,564.0734560970131
iztacalco,2014Q3,120284.95335285315,79.0,3290546.8739726027,42186.49838426414,222.76165761240432,42217.049315068485,534.0063086615713,141.1121782821107,975.4657534246575,288.3369863013699,445.66508605549706,507.44004214963115,591.5770460133474
iztacalco,2014Q4,121443.66395733676,79.0,2874308.4602739722,41061.54943248532,407.90938815724195,40910.790410958914,519.7664485124725,131.79160377750193,950.172602739726,292.7287671232877,436.8215655577299,496.1992172211349,574.905107632094
iztacalco,2015Q1,122286.46372733667,79.0,2929214.4246575343,41845.92035225049,810.9936121058903,41951.3493150685,529.6951943322847,132.7819205352131,955.301369863014,294.0958904109589,445.23088062622315,505.86540117416826,587.189060665362
iztacalco,2015Q3,123591.60273541108,79.0,3218105.846575342,48031.43054590063,306.2521933734122,48055.06849315068,607.9927917202612,154.22410120547246,1080.9534246575342,344.88767123287676,508.09820077693723,580.1294213862196,677.297669188305
iztacalco,2015Q4,124340.5994968401,79.0,3538812.5890410957,46563.32354001442,835.7046672017125,46799.32328767123,589.4091587343597,146.68083491452438,1064.0301369863012,339.7342465753425,492.5067411679885,562.8398702235039,658.4268565248738
iztacalco,2016Q1,124741.8566437908,79.0,3269828.016438356,44792.164608744606,245.3287862827009,44835.76712328767,566.9894254271469,137.5756259824015,995.1863013698628,336.71506849315085,474.3590542315631,542.1948207918933,634.789228748358
iztacalco,2016Q2,125574.37596767348,79.0,3307117.6082191775,45932.18900304413,911.1554232651013,46171.517808219156,581.4201139625841,140.9021962898383,1037.3890410958904,337.682191780822,485.57690258751904,555.862899543379,651.7623668188737
iztacalco,2016Q3,126759.5162851673,79.0,3453071.9506849316,47302.35548883468,132.3640627742702,47315.52328767125,598.7639935295529,148.66307089872092,1061.0931506849315,360.39178082191785,497.06068680803156,570.0254081441171,671.2700881966598
iztacalco,2016Q4,127552.452789883,79.0,3135638.0493150684,45444.02970021838,751.8033754276627,45214.36438356163,575.2408822812453,140.23172715282408,1049.6575342465756,354.172602739726,479.9532658328371,547.5161802660314,641.7160214413342
iztacalco,2017Q1,127916.81988399744,79.0,3141258.5095890416,43628.59041095891,397.9565798974316,43612.63561643836,552.260638113404,133.20275762159358,993.7616438356163,343.6164383561644,462.00618340943686,526.2556316590562,615.8004566210044
iztacalco,2017Q2,127970.31147568418,79.0,3117420.2082191785,46528.65982416684,1024.448031257664,46591.07671232877,588.9703775210992,145.18680595114023,1078.9424657534241,352.01917808219173,492.4171948476795,560.8789204661624,655.4728480883255
iztacalco,2017Q3,128410.71721560821,79.0,3786323.1753424658,48542.60481208289,436.8243445244566,48645.24109589041,614.4633520516821,151.5989758675641,1119.2136986301368,370.2328767123289,517.0072532490341,586.0566210045662,679.0263962065331
iztacalco,2017Q4,128989.35689052567,79.0,2865335.221917808,46215.08422448077,714.9201970953551,46217.04657534245,585.001066132668,139.71062364792763,1091.4328767123286,348.9095890410959,498.5213212549713,560.8453380468405,641.4214980114891
iztacalco,2018Q2,130716.43969420233,79.0,3088095.4602739722,46789.32515566624,1376.3077349047621,46826.08767123286,592.2699386793195,138.72101347853697,1112.0630136986304,351.10958904109594,508.35224159402236,569.9316313823164,646.0565587380656
iztacalco,2018Q3,131168.44378493782,79.0,3693891.8328767125,49251.891105022834,102.14159532729114,49271.84657534246,623.441659557251,149.29632286026572,1145.641095890411,377.5561643835617,534.0268858447489,600.0042009132419,677.9105936073058
iztacalco,2018Q4,131051.60592268893,79.0,3797674.043835616,48071.82333969134,700.0474420889292,48033.799999999996,608.5040929074854,144.33468693180103,1144.0630136986301,374.758904109589,521.3934107855038,586.6322524709555,661.3529564765042
iztacalco,2019Q1,130901.45896387615,79.0,3106550.106849315,47068.94101286841,236.2318804042622,47098.86575342466,595.8093799097268,136.69168255766925,1080.8356164383558,374.254794520548,511.65670402656707,576.1475716064758,648.459194686592
iztacalco,2019Q2,130371.96974656917,79.0,3175372.0657534245,49615.18852739726,1202.6908117184028,49581.12328767122,628.0403611062943,142.27744182740506,1160.372602739726,385.19726027397263,538.7694991438357,607.521618150685,684.5662457191781
iztacalco,2019Q3,128284.11490330339,79.0,3945486.5917808223,51914.297260273976,223.2298906319589,51992.98630136986,657.1430032946073,146.76428689357613,1167.6136986301367,419.3287671232876,564.5415645277577,636.2372746935832,719.139762076424
iztacalco,2020Q2,116317.94236180249,79.0,3649123.1095890417,49312.47445390597,940.2016301025049,49384.238356164395,624.2085373912147,126.20392581527744,1059.4164383561645,386.4465753424658,545.4591077378749,610.4368382080711,691.2865975564605
iztacalco,2020Q3,115946.26955296237,79.0,3850817.5397260273,52750.9252017264,635.8082450006393,53026.95616438355,667.7332304016,135.89271135204902,1107.2109589041097,395.2219178082191,586.3413398386189,656.1463689247513,745.1961718896604
iztacalco,2020Q4,119308.49932437752,79.0,3504722.419178082,50793.078538812784,1059.1578310214245,50413.402739726036,642.9503612507947,126.16540416684629,1094.1589041095888,369.68767123287665,569.8728012705975,636.2432400238238,718.2767917411157
iztacalco,2021Q1,122696.30840217946,79.0,3728127.202739726,49054.30529920692,579.1934466643299,48977.236986301374,620.9405734076825,119.85289523392919,1013.72602739726,362.6438356164385,550.3947007930786,617.1070656092285,695.7368601297766
iztacalco,2021Q2,122897.72619586003,79.0,3411526.679452055,52485.02583772392,1046.3338246843036,52942.36438356165,664.3674156673915,128.1907435257692,1054.512328767123,374.98904109589034,588.3360168598525,662.7355110642783,746.2284088514226
iztacalco,2021Q3,122704.34158676199,79.0,4067649.9232876706,54968.24220659014,471.5032343897894,55196.95616438356,695.8005342606349,132.7770962119107,1094.3917808219178,395.2575342465753,615.6640133283969,695.8831543872639,780.7311551277304
iztacalco,2021Q4,123090.55589771835,79.0,3611773.695890411,53907.07008791658,924.5447852510204,53883.70684931506,682.3679757964123,126.46424553319373,1086.9123287671232,404.6958904109589,603.9839296667349,683.2967082396239,761.063831527295
iztacalco,2022Q1,124316.15989322912,79.0,3923470.9315068494,53019.87745279526,769.0900317275774,52870.717808219175,671.1376892758893,123.19106115691886,1068.153424657534,403.613698630137,592.8474453905961,672.05575712699,748.3344687152905
iztacalco,2022Q2,126417.16558693118,79.0,3823982.317808219,57074.36295236148,1308.6488620661,57276.97534246576,722.4602905362211,134.7746982628138,1173.4273972602743,427.73424657534247,638.2240850541812,721.8287875690042,803.24309957064
iztacalco,2022Q3,128351.97656234937,79.0,3901221.4383561644,59109.41573266916,145.94029253346602,59117.0082191781,748.2204523122678,143.03561769227122,1206.9753424657538,455.74246575342465,660.4182440846826,745.4387712743877,829.926400996264
iztacalco,2023Q1,131782.82196738315,79.0,4271435.41369863,56952.4721826484,492.76046559227586,56761.43287671234,720.9173694006126,138.80042903372362,1202.8547945205482,449.08219178082186,635.6357260273974,713.2513242009131,796.6934246575344
iztacalco,2023Q2,132870.28733209101,79.0,3618282.4602739727,59316.1059061307,799.7522718012018,59454.14794520548,750.8367836219076,147.79603338774643,1253.276712328767,465.57260273972605,659.9067594879857,740.1647428699753,828.2362901414778
iztacalco,2023Q4,132870.28733209101,79.0,4728603.067123287,59855.73502687705,1307.3305846904418,59806.579452054786,757.6675319857857,145.6897516340541,1257.0849315068492,463.3780821917808,662.1598404716491,744.4206866655107,838.4561643835617
iztapalapa,2012Q1,520740.241612278,489.0,14362743.19178082,214369.30136986298,0.0,214369.30136986298,438.38302938622286,110.83901215808274,895.8849315068495,112.99452054794521,378.42739726027406,433.10958904109583,497.01917808219173
iztapalapa,2012Q2,523462.74117910006,489.0,18221390.61643835,214369.30136986295,0.0,214369.30136986298,438.38302938622286,110.83901215808274,895.8849315068495,112.99452054794521,378.42739726027406,433.10958904109583,497.0191780821918
iztapalapa,2012Q3,526596.3756206518,489.0,16498051.410958903,214260.40793453122,437.069847279249,214369.30136986298,438.16034342439923,111.32802694355335,914.205479452055,108.94794520547946,377.95061376979186,432.57167763743104,496.8634050880626
iztapalapa,2012Q4,528654.9662439638,489.0,15466182.265753424,206215.763543379,4062.6587684056494,206426.72054794518,421.7091279005705,108.17770640500595,904.0986301369865,109.80273972602738,362.6833607305936,414.88339726027397,478.33238356164384
iztapalapa,2013Q1,531647.3891686361,489.0,14543967.252054794,199232.42811033965,1698.9282409710422,199605.63561643838,407.4282783442529,106.72752501510641,907.4767123287669,109.1698630136986,348.69799211859635,399.7536873709889,461.7786076186902
iztapalapa,2013Q2,534307.9766782777,489.0,16494526.687671235,211468.29086757993,4417.221058994632,212845.23150684935,432.45049257173804,118.45154415488881,992.082191780822,110.21643835616437,368.3067088162979,423.80878117316473,489.4349490691957
iztapalapa,2013Q3,536965.5250409914,489.0,15446873.284931507,214539.9067351598,1829.734123645152,213845.2410958904,438.73191561382373,126.51891565785094,1006.090410958904,109.86027397260277,371.07172754946725,428.458295281583,494.85757229832575
iztapalapa,2013Q4,539487.6636618376,489.0,14894290.290410958,204031.373841246,3791.301432116081,202060.1698630137,417.24207329498165,124.03179152618593,992.7972602739727,110.32328767123288,350.12441358603866,406.1622067930193,469.8257834490524
iztapalapa,2014Q2,542005.6775432554,489.0,13255598.273972603,217304.88973725578,6335.102529408659,217360.47945205474,444.3862775813002,137.0580610522472,1081.5643835616438,112.98630136986301,370.032697058163,431.77188412306316,500.83485290815184
iztapalapa,2014Q3,546118.626515345,489.0,18074268.84109589,231721.39539866528,1636.496952790006,231902.13424657538,473.86788425084916,145.02277415212586,1104.2876712328768,114.77534246575343,394.9681067790657,461.3031612223394,535.0265191429576
iztapalapa,2014Q4,551379.4128914521,489.0,15996353.30410959,228519.3329158513,1446.9982136904798,228078.90958904108,467.3196992144198,139.5499548104114,1085.1068493150688,121.97534246575341,388.92637964774946,455.90994129158514,528.8990606653621
iztapalapa,2015Q1,555205.8985822236,489.0,16387654.021917809,234109.3431702544,4740.318748436193,235065.12465753424,478.9243656329664,141.2233730104136,1105.753424657534,130.27945205479452,398.6981604696673,468.2151076320939,542.4783170254403
iztapalapa,2015Q3,561131.5002691637,489.0,16142451.342465755,240932.10958904112,0.0,240932.10958904112,552.4808891085377,165.69003135710804,1265.5342465753422,135.76164383561638,459.3466366796156,541.0139439787365,626.2673072991208
iztapalapa,2015Q4,564532.1008531466,489.0,18310840.328767125,240932.10958904112,0.0,240932.10958904112,532.0640235874163,158.6694811940627,1235.8657534246577,134.45753424657528,441.9614996395097,520.0953136265322,602.5167267483778
iztapalapa,2016Q1,566353.8914916593,489.0,17588044.000000004,240932.10958904115,0.0,240932.10958904112,512.2246074935886,152.54474159623365,1160.7808219178085,133.8904109589041,424.86387689998116,499.70182022893607,580.0495027209607
iztapalapa,2016Q2,570133.7018256467,489.0,17347111.89041096,240932.1095890411,0.0,240932.10958904112,528.023150249165,159.66609307955505,1242.3671232876711,129.3945205479452,437.31799847792996,514.0592465753424,597.5682267884322
iztapalapa,2016Q3,575514.4845784076,489.0,17588044.000000004,240932.10958904115,0.0,240932.10958904112,542.8404554927873,165.45562453949,1254.2986301369863,128.34246575342468,450.25231750797525,527.3427284668792,612.4810283355226
iztapalapa,2016Q4,579114.5807067979,489.0,16624315.561643837,240932.10958904112,0.0,240932.10958904112,520.4968973562915,155.82343922874298,1210.021917808219,130.12876712328767,433.126503871352,505.3850704784594,585.8149692277149
iztapalapa,2017Q1,580768.8828571379,489.0,17347073.084931508,240931.5706240487,4.57326961129379,240932.10958904112,500.78163641202343,149.24859377672965,1145.5287671232873,130.2739726027397,416.05365296803654,486.62035768645364,564.6233637747335
iztapalapa,2017Q2,581011.7457736359,489.0,16142451.342465755,240932.10958904112,0.0,240932.10958904112,534.9075785874393,159.34847538726507,1218.353424657534,124.82739726027401,447.34757718258027,521.4726231854426,602.3780821917809
iztapalapa,2017Q3,583011.2791407997,489.0,18792704.54794521,240932.10958904115,0.0,240932.10958904112,556.519509791457,161.84905867183718,1240.3534246575343,127.23561643835616,469.97400772743237,544.2822269055146,624.5805057955743
iztapalapa,2017Q4,585638.423232432,489.0,14937790.79452055,240932.10958904112,0.0,240932.10958904112,528.5450107400368,149.0044675369972,1186.0328767123285,134.17260273972605,448.34052143172784,518.2325231992929,593.6363234644277
iztapalapa,2018Q2,593479.7372316596,489.0,15901519.232876714,240932.10958904112,0.0,240932.10958904112,534.7216908983949,148.11974936030188,1165.6575342465756,131.2575342465754,454.6312162723122,527.0279784142797,604.4352428393523
iztapalapa,2018Q3,595531.9295161563,489.0,18069908.219178084,240932.10958904112,0.0,240932.10958904112,561.9157397727166,154.4936528391117,1172.8164383561643,131.04657534246567,479.44325114155254,554.5486392694064,636.1763652968036
iztapalapa,2018Q4,595001.4613979274,489.0,19033636.65753425,240932.10958904112,0.0,240932.10958904112,544.097117050222,147.46293393786303,1150.8657534246577,131.4849315068493,463.8009710421363,537.5619906363794,618.3673660482052
iztapalapa,2019Q1,594319.7630754302,489.0,15901519.232876714,240932.10958904112,0.0,240932.10958904112,531.0166022779267,142.74295535618543,1075.1150684931504,131.47123287671232,451.81647986716484,524.6694063926941,605.3390618513905
iztapalapa,2019Q2,591915.772251556,489.0,15419655.013698632,240932.10958904112,0.0,240932.10958904112,563.1944444736251,153.39036736349047,1187.9479452054795,132.57260273972602,478.50179794520545,555.5170376712329,642.6662671232875
iztapalapa,2019Q3,582436.4783948847,489.0,18310840.328767125,240932.10958904112,0.0,240932.10958904112,600.478635754442,165.4273336485975,1213.1534246575343,132.29863013698633,508.9178442682047,590.3916005767844,685.4908435472241
iztapalapa,2020Q2,528107.5741483162,489.0,17828976.109589044,240932.10958904112,0.0,240932.10958904112,615.4259445679816,177.3631611004107,1357.1890410958904,140.74794520547943,512.3358015549795,601.7875971862273,707.228841169937
iztapalapa,2020Q3,526420.1025384513,489.0,17588044.000000004,240932.10958904115,0.0,240932.10958904112,699.5927120233043,206.49383293333938,1500.6575342465756,140.22465753424655,580.8001501219741,684.551548132858,805.6034152749108
iztapalapa,2020Q4,541685.3227809854,489.0,16624315.561643837,240932.10958904112,0.0,240932.10958904112,700.7485861881789,205.56704280441988,1486.7890410958908,144.89863013698624,581.0214810403018,686.5132023029581,807.7047051816558
iztapalapa,2021Q1,557066.6783777911,489.0,18310840.328767125,240932.10958904112,0.0,240932.10958904112,696.4327901651768,206.40527524227755,1492.7753424657533,145.30958904109593,574.6985219899063,682.9190338860851,805.5065248738283
iztapalapa,2021Q2,557981.1569204057,489.0,15660587.123287672,240932.10958904112,0.0,240932.10958904112,775.0572931575804,229.96001614840907,1620.0493150684936,146.16712328767127,640.2110853530032,763.5812434141201,899.3365226554267
iztapalapa,2021Q3,557103.1507012902,489.0,17828976.109589044,240932.10958904112,0.0,240932.10958904112,838.9325459252008,244.33521805733093,1677.123287671233,152.83835616438364,696.582784154017,829.9151055164754,973.1666419844502
iztapalapa,2021Q4,558856.6437456057,489.0,16142451.342465755,240932.10958904112,0.0,240932.10958904112,831.0647796399128,235.0089115898958,1669.8849315068496,162.28493150684926,693.5240646084646,824.7041504804744,963.0225311797178
iztapalapa,2022Q1,564421.1399857681,489.0,17828976.109589044,240932.10958904112,0.0,240932.10958904112,812.0100665587008,228.09770385871417,1573.0082191780823,169.75342465753428,677.0877823028509,807.6303961495742,942.711292114032
iztapalapa,2022Q2,573960.141429944,489.0,16142451.342465755,240932.10958904112,0.0,240932.10958904112,886.3680278329339,245.71744545429792,1741.7068493150684,176.67397260273967,741.7460641995502,884.9428746677571,1029.67384992844
iztapalapa,2022Q3,582744.5843964934,489.0,15901519.232876714,240932.10958904112,0.0,240932.10958904112,944.6678035926964,262.64430238549545,1784.523287671233,177.09863013698632,788.2853881278538,943.8305936073059,1100.6400996264013
iztapalapa,2023Q1,598321.3338415152,489.0,18069908.219178084,240932.10958904112,0.0,240932.10958904112,929.8728219551595,266.654555665193,1783.235616438356,190.11780821917807,761.4852602739727,925.7734429223744,1096.6084018264842
iztapalapa,2023Q2,603258.6520579935,489.0,14696858.68493151,240932.10958904112,0.0,240932.10958904112,992.6124549199844,286.98045663096536,1917.0931506849315,192.3452054794521,810.4988547046935,990.3344711430497,1174.7668088928813
iztapalapa,2023Q4,603258.6520579935,489.0,19033636.65753425,240932.10958904112,0.0,240932.10958904112,1054.1440942631423,304.66106210367684,1979.2849315068488,201.08219178082192,860.1451187792613,1057.1422403329286,1252.8456389804057
la magdalena contreras,2012Q1,67341.49485017401,254.0,2349152.715068493,35061.98082191781,0.0,35061.98082191781,106.92698738000217,127.2003180121967,498.972602739726,19.23287671232877,27.192465753424656,36.04931506849316,166.23972602739727
la magdalena contreras,2012Q2,67693.56518372674,254.0,2980268.3698630137,35061.98082191781,0.0,35061.98082191781,106.92698738000217,127.2003180121967,498.972602739726,19.23287671232877,27.192465753424656,36.04931506849316,166.23972602739727
la magdalena contreras,2012Q3,68098.80297935918,254.0,2699772.523287671,35061.98082191781,0.0,35061.98082191781,106.48714424395581,127.03195035684652,503.73150684931505,17.865753424657537,26.89669098025262,35.66810176125245,165.33840064045543
la magdalena contreras,2012Q4,68365.01741561858,254.0,2629648.5616438356,35061.98082191781,0.0,35061.98082191781,102.45389364685579,118.64629455957993,494.2684931506849,18.38356164383562,27.920529680365295,36.6915799086758,154.71936073059362
la magdalena contreras,2013Q1,68751.9939095946,254.0,2559524.6,35061.98082191781,0.0,35061.98082191781,99.72198267391467,109.63488498131629,448.3972602739727,21.052054794520547,30.775464439857387,39.68682679677237,146.05719647213363
la magdalena contreras,2013Q2,69096.05785119484,254.0,2734834.504109589,35061.98082191781,0.0,35061.98082191781,101.89689658128877,115.69160690119381,474.79178082191777,20.88219178082192,29.546759747102215,38.088918159466104,149.14869160519842
la magdalena contreras,2013Q3,69439.72877400978,254.0,2524462.6191780823,35061.98082191781,0.0,35061.98082191781,100.37080127398458,114.77427204475258,477.704109589041,20.8986301369863,28.605346270928464,37.0017503805175,147.13429414003045
la magdalena contreras,2013Q4,69765.88867365816,254.0,2559524.6,35061.98082191781,0.0,35061.98082191781,94.86197865490121,103.2537290099096,463.6082191780821,21.438356164383567,29.730756239444556,38.46928129104897,137.32010696190656
la magdalena contreras,2014Q2,70091.51516701918,254.0,2138780.8301369864,35061.98082191781,0.0,35061.98082191781,95.65220297384228,105.99409001254821,475.1972602739727,19.16164383561644,28.98074331911071,38.126543902986754,137.89082640916237
la magdalena contreras,2014Q3,70623.39672694138,254.0,2734834.504109589,35061.98082191781,0.0,35061.98082191781,101.38411285259524,114.29559477360769,491.00547945205483,19.389041095890413,29.843159466104673,39.66796628029505,145.61500702493854
la magdalena contreras,2014Q4,71303.71522423594,254.0,2454338.657534247,35061.98082191781,0.0,35061.98082191781,101.67686210456569,109.13949733980868,482.4191780821918,20.97808219178082,32.58036203522505,43.644618395303326,142.83819960861058
la magdalena contreras,2015Q1,71798.55170094367,254.0,2454338.657534247,35061.98082191781,0.0,35061.98082191781,107.38258717660293,111.6673000792767,486.5205479452055,23.027397260273972,36.364804305283755,48.34340508806262,148.19387475538161
la magdalena contreras,2015Q3,72564.8433058517,254.0,2349152.715068493,35061.98082191781,0.0,35061.98082191781,125.92340825266398,144.7717009562158,575.4356164383562,24.36986301369863,35.53673072991209,47.42451441423022,172.77134532815376
la magdalena contreras,2015Q4,73004.60483840537,254.0,2664710.5424657534,35061.98082191781,0.0,35061.98082191781,127.47559566049198,142.82619330044793,571.0219178082191,25.717808219178092,37.86869142033165,50.15252343186734,173.11073359769284
la magdalena contreras,2016Q1,73240.19658856792,254.0,2559524.6,35061.98082191781,0.0,35061.98082191781,127.52504362550478,136.4190710450097,528.745205479452,28.706849315068496,41.84651904672547,53.85535747795083,171.0613998874085
la magdalena contreras,2016Q2,73728.99706489131,254.0,2524462.6191780823,35061.98082191781,0.0,35061.98082191781,130.37660146933686,145.52329735366246,567.2109589041095,27.06301369863014,39.76756088280061,50.880117960426176,174.9146499238965
la magdalena contreras,2016Q3,74424.83334770493,254.0,2559524.6,35061.98082191781,0.0,35061.98082191781,133.6385998170758,155.2964718684102,570.5972602739727,26.27397260273973,37.35396884969037,48.29872396322012,181.5314411709514
la magdalena contreras,2016Q4,74890.39340148435,254.0,2419276.6767123286,35061.98082191781,0.0,35061.98082191781,130.6743319905143,148.8213156346232,557.4438356164384,26.12876712328768,37.671749056978356,48.965257097478656,178.34285288862418
la magdalena contreras,2017Q1,75104.32574401436,254.0,2524462.6191780823,35061.98082191781,0.0,35061.98082191781,125.7117716235813,140.10854350256938,513.4904109589041,26.054794520547947,37.949324581430744,48.82758751902587,170.48214421613395
la magdalena contreras,2017Q2,75135.73248106624,254.0,2349152.715068493,35061.98082191781,0.0,35061.98082191781,131.3421600336147,158.91565891070152,577.13698630137,21.97534246575342,33.02645675730935,43.19243508484973,178.5144142302188
la magdalena contreras,2017Q3,75394.30970477131,254.0,2734834.504109589,35061.98082191781,0.0,35061.98082191781,135.31706313317792,169.90218761478695,593.5315068493151,20.8,30.477274323849663,40.605918510713025,186.04387952230417
la magdalena contreras,2017Q4,75734.04878422015,254.0,2173842.810958904,35061.98082191781,0.0,35061.98082191781,128.68052303227896,154.6011364593514,563.4547945205479,21.769863013698625,32.46414052143172,42.96365444100751,175.64797834732659
la magdalena contreras,2018Q2,76748.07797593901,254.0,2314090.7342465753,35061.98082191781,0.0,35061.98082191781,125.85124925231169,151.67287034003172,569.6273972602738,20.531506849315072,31.557617268576173,41.53592777085928,171.3925902864259
la magdalena contreras,2018Q3,77013.46498680288,254.0,2629648.5616438356,35061.98082191781,0.0,35061.98082191781,128.06627490741738,160.21638367709693,570.7506849315067,19.86301369863014,28.7397899543379,38.43970776255708,175.99858447488583
la magdalena contreras,2018Q4,76944.86549477726,254.0,2769896.4849315067,35061.98082191781,0.0,35061.98082191781,123.04685824450547,148.49143549880466,551.9753424657533,20.04383561643836,30.424960984914172,40.48905843592856,167.39947979885557
la magdalena contreras,2019Q1,76856.70909662434,254.0,2314090.7342465753,35061.98082191781,0.0,35061.98082191781,121.30907848847662,141.0226314718094,509.2657534246576,22.21369863013699,33.19768576172686,43.42540473225405,162.72991905354917
la magdalena contreras,2019Q2,76545.82792641834,254.0,2243966.7726027397,35061.98082191781,0.0,35061.98082191781,125.18036417322836,151.48870010419245,560.9589041095891,21.013698630136986,31.251797945205485,41.09173801369863,167.2931934931507
la magdalena contreras,2019Q3,75319.97717123969,254.0,2664710.5424657534,35061.98082191781,0.0,35061.98082191781,129.4605280188931,161.12978702740003,569.6383561643834,20.86027397260274,30.008093006488828,39.47954217736121,172.43746395097335
la magdalena contreras,2020Q2,68294.22933541192,254.0,2594586.580821918,35061.98082191781,0.0,35061.98082191781,125.22355062429489,149.3355819239062,554.3287671232877,20.769863013698632,32.65068493150685,42.65573861532766,163.28718067382454
la magdalena contreras,2020Q3,68076.00755870863,254.0,2559524.6,35061.98082191781,0.0,35061.98082191781,132.7123552157782,167.88997426470706,589.131506849315,19.983561643835625,29.8,38.935184837680616,173.19508350534812
la magdalena contreras,2020Q4,70050.08727869843,254.0,2419276.6767123286,35061.98082191781,0.0,35061.98082191781,128.61949698217444,158.14100678038676,576.6246575342466,20.295890410958904,31.164244590033753,40.6778241016478,168.15115147905502
la magdalena contreras,2021Q1,72039.1854814876,254.0,2664710.5424657534,35061.98082191781,0.0,35061.98082191781,123.51326888032291,147.2835886490227,534.7945205479454,21.904109589041106,32.71706020187455,42.25854361932228,158.86649242970444
la magdalena contreras,2021Q2,72157.44473465653,254.0,2279028.7534246575,35061.98082191781,0.0,35061.98082191781,130.23713946715563,161.86423111956108,582.3150684931508,21.758904109589036,31.46267650158061,40.28649104320336,164.86152792413063
la magdalena contreras,2021Q3,72043.90203801393,254.0,2594586.580821918,35061.98082191781,0.0,35061.98082191781,135.97628612324976,171.87545197684685,597.5178082191779,21.512328767123293,31.3508422806368,40.33850425768234,170.1760921880785
la magdalena contreras,2021Q4,72270.66162634148,254.0,2349152.715068493,35061.98082191781,0.0,35061.98082191781,133.18218807805437,163.86635464546725,593.9671232876714,21.610958904109594,32.5882130443672,42.56127581271724,165.67526068288697
la magdalena contreras,2022Q1,72990.25551395907,254.0,2594586.580821918,35061.98082191781,0.0,35061.98082191781,130.21927865736515,155.5163487931564,564.254794520548,23.789041095890408,34.697213994816735,44.62151055164753,160.45827471306922
la magdalena contreras,2022Q2,74223.82758175224,254.0,2376333.419178082,35467.66297280719,478.28742926927396,35234.356164383564,138.36651925358646,173.89991950561176,635.6821917808219,21.47945205479452,32.27649764874259,41.7405847474954,171.93452259251686
la magdalena contreras,2022Q3,75359.82106472563,254.0,2409176.493150685,36502.67413864674,114.19666187635019,36536.26438356165,143.71131550648323,187.3917711194348,648.0273972602739,20.909589041095884,29.60679742631798,38.87783312577833,182.56446658364467
la magdalena contreras,2023Q1,77374.18736237657,254.0,2656102.953424657,35414.7060456621,213.73054606111268,35435.36986301369,139.4273943839212,172.70740744370937,625.5424657534248,22.66027397260274,33.14932420091324,43.424748858447494,182.1400730593607
la magdalena contreras,2023Q2,78012.6753505897,254.0,2258337.290410959,37021.92279362228,747.6404073048848,37129.213698630156,145.755601549694,183.78910742442764,675.2027397260274,22.479452054794525,32.93523467325399,43.81394565461487,188.9176061082416
la magdalena contreras,2023Q4,78012.6753505897,254.0,3024609.8383561643,38286.20048552107,579.768727945827,38318.6493150685,150.73307277764198,187.02788160442233,686.4986301369863,23.0,35.25939830067626,47.190332928732445,198.47097277614012
milpa alta,2012Q1,35507.71794255733,1373.0,5537449.224657535,82648.49589041097,0.0,82648.49589041097,60.19555418092569,75.92119851933923,535.2356164383563,14.369868493150683,23.517808219178086,30.624657534246573,52.463013698630135
milpa alta,2012Q2,35693.35703666334,1373.0,7025122.150684932,82648.49589041097,0.0,82648.49589041097,60.1955541809257,75.92119851933923,535.2356164383563,14.369868493150683,23.517808219178086,30.624657534246573,52.46301369863014
milpa alta,2012Q3,35907.03018691038,1373.0,6322573.726027397,82111.3470912649,994.4856723700142,82648.49589041097,59.80433145758551,75.97613982135896,547.1643835616441,12.739731506849315,23.151218644369333,30.23415762319872,52.034477850916204
milpa alta,2012Q4,36047.39931794862,1373.0,5958846.575342465,79451.28767123287,829.3883233255248,79322.61369863011,57.86692474234004,71.17289800358967,535.7972602739727,13.243841095890412,23.01592694063927,30.246538812785396,52.02107762557078
milpa alta,2013Q1,36251.443677656884,1373.0,5800356.356164384,79456.93638581347,644.7163247981975,79531.24657534249,57.871038882602676,66.71583419056566,489.04931506849306,14.194526027397258,25.03190091949709,32.20349033589792,53.06222555826609
milpa alta,2013Q2,36432.86117395284,1373.0,6220001.430136985,79743.6080786793,758.231253385804,79670.74794520545,58.07983108425295,69.46899999211777,509.6246575342466,14.564394520547944,24.595995785036884,31.20762205830699,51.55079030558482
milpa alta,2013Q3,36614.07143991918,1373.0,5607541.049315068,77882.51457382039,745.1988344723618,77870.84246575342,56.72433690737101,68.47472101550288,508.676712328767,14.424668493150687,23.84855403348554,29.973059360730595,49.96655251141553
milpa alta,2013Q4,36786.0485210139,1373.0,5518986.495890412,75602.55473822482,1221.9358039331485,75761.2273972603,55.063768928058856,60.86022340473557,461.1561643835616,14.432884931506848,24.95762807280916,31.497992118596365,51.56971289172453
milpa alta,2014Q2,36957.74434847676,1373.0,4525806.865753424,74193.55517628565,934.9130363440282,74295.46575342464,54.03754929081256,61.373813511569686,474.9808219178084,12.69041917808219,23.683314619357738,30.84105097686953,50.74453177633056
milpa alta,2014Q3,37238.19402442446,1373.0,5981936.093150686,76691.48837372674,766.0409883257698,76680.24520547944,55.85687427074052,64.85846255406746,486.6904109589041,12.945213698630138,24.039936775553215,31.468563400070245,51.61246926589392
milpa alta,2014Q4,37596.91129624602,1373.0,5408665.652054794,77266.65217221134,401.8837359254069,77295.27671232878,56.275784539119705,60.00863444825833,474.41369863013705,14.128769863013702,26.06900195694716,33.94090019569472,54.486301369863014
milpa alta,2015Q1,37857.827898731884,1373.0,5682250.293150685,81175.00418786693,1983.71653332375,82062.56438356164,59.122362846225,58.55845489757107,457.6739726027397,15.600002739726024,29.302778864970644,37.54434442270058,58.16015655577299
milpa alta,2015Q3,38261.876936095265,1373.0,5780131.180821918,86270.6146391331,860.382587525545,86167.71232876714,62.83365960606926,68.6245159860494,538.3753424657533,18.241104109589045,29.523533019832346,36.844980576569206,57.67511756287058
milpa alta,2015Q4,38493.75370827925,1373.0,6529240.57260274,85911.06016582552,622.2099314516831,86086.83424657534,62.57178453446869,64.88757754799782,514.2547945205478,18.942471232876716,30.648882480173036,37.90537130497476,59.04023071377073
milpa alta,2016Q1,38617.97615734987,1373.0,6376322.706849315,87346.8863951961,826.1424156680299,87152.35068493153,63.617542895263,61.05792623495746,459.22191780821925,20.03562191780822,33.05933571026459,40.7185588290486,62.006567836367054
milpa alta,2016Q2,38875.71010700592,1373.0,6224823.071232877,86455.87598934551,1235.787397528325,86117.84109589038,62.96859139792098,64.57912472144886,498.45753424657534,17.106865753424653,30.996385083713854,38.65388127853881,60.12043378995434
milpa alta,2016Q3,39242.6095724739,1373.0,6310337.75890411,86442.98299868644,657.60832966396,86468.6410958904,62.95920101870825,69.06289615621036,508.1643835616439,16.802753424657535,29.133571026459,36.78119722274348,58.59699756051792
milpa alta,2016Q4,39488.0893485273,1373.0,5902685.994520548,85546.17383363112,951.090718259226,85838.76712328766,62.30602609878451,64.47242228546096,493.82191780821915,16.74521917808219,29.90994639666468,37.78014691284495,59.84935477466747
milpa alta,2017Q1,39600.89125906177,1373.0,6110637.323287671,84869.96282343988,975.5650168934992,84912.06986301369,61.81351990053887,59.99645990030111,438.0821917808219,17.20275068493151,31.045700152207,39.09611872146118,60.84535768645358
milpa alta,2017Q2,39617.45135418906,1373.0,5622625.980821918,83919.79075853608,699.9897331189278,84060.49863013695,61.12147906666868,67.24341400779825,502.6849315068493,15.635635616438355,27.6978940911879,35.28542220404826,56.94414230218769
milpa alta,2017Q3,39753.79354775214,1373.0,6584788.945205479,84420.37109237793,608.0378312580365,84313.60547945206,61.486067802168925,72.467505871608,526.9424657534248,14.991794520547947,25.913171759747105,32.88064629434492,55.63003161222339
milpa alta,2017Q4,39932.93063750598,1373.0,5112966.695890411,82467.20477242598,1003.7793735157317,82207.24657534246,60.063514036726865,66.71246295028337,501.8575342465752,15.665764383561644,26.51891294741494,33.52377375165709,56.80653999116217
milpa alta,2018Q2,40467.60636166656,1373.0,5405219.276712329,81897.26176836863,672.9437373880871,81821.9397260274,59.64840624061808,69.9971296025083,543.9013698630134,13.775367123287669,24.815649647156498,31.78053134080531,55.58107098381071
milpa alta,2018Q3,40607.539209138056,1373.0,6173477.731506849,82313.03642009132,374.4351263294896,82362.44383561645,59.95122827391939,76.46457557174278,555.5041095890411,13.263035616438353,22.629296803652966,29.00807305936073,53.50619178082192
milpa alta,2018Q4,40571.368176414966,1373.0,6439019.150684931,81506.57152765736,461.00489818817346,81592.63287671233,59.363853989553796,72.3739589826205,551.9616438356165,13.493172602739723,23.460135252297558,30.122524709554362,55.20339864747702
milpa alta,2019Q1,40524.8852088567,1373.0,5418019.183561644,82091.199750934,897.7609205779494,82307.81095890413,59.78965750250109,68.2612667041123,509.8356164383563,14.18358904109589,25.446741386467412,32.35114155251142,57.28293897882939
milpa alta,2019Q2,40360.96427229468,1373.0,5352380.063013699,83630.93848458905,582.6326346166264,83563.99589041097,60.91109867777789,72.2576421532523,558.8602739726027,14.378112328767124,25.209203767123288,31.97452910958904,56.54627568493151
milpa alta,2019Q3,39714.59960588214,1373.0,6421889.194520548,84498.54203316511,612.4442157719566,84448.4479452055,61.543002209151574,75.44625439543283,571.3013698630137,14.274002739726026,24.710237923576063,31.306092285508296,56.10616438356164
milpa alta,2020Q2,36010.07428987692,1373.0,6198814.764383561,83767.76708626434,1097.0000905783725,83895.43698630137,61.01075534323696,66.95658832904148,533.5260273972603,14.07950136986301,27.488670862643467,35.08519067012218,58.6992225101814
milpa alta,2020Q3,35895.01065320916,1373.0,6191115.306849316,84809.79872396323,706.0619252374266,84834.36986301371,61.769700454452455,77.3037424159584,573.87397260274,12.252117808219174,24.27757553011822,31.52099831112779,55.91927190842559
milpa alta,2020Q4,36935.9003164023,1373.0,5662294.068493151,82062.23287671234,1140.3691365310883,82305.14520547945,59.768559997605486,73.01097095027032,556.172602739726,12.28773424657534,23.763351201111774,30.925630335517173,55.76219972205677
milpa alta,2021Q1,37984.708901685786,1373.0,6139041.320547945,80776.85948089401,824.7620600174246,80738.66575342466,58.832381267949025,69.21378211042403,516.5671232876712,13.06306301369863,24.477108868060565,31.5569935111752,55.66770007209806
milpa alta,2021Q2,38047.06445549346,1373.0,5432433.556164384,83575.90086406744,1399.895539195534,83392.37808219178,60.8710130109741,76.27318735300474,573.3863013698631,13.27950684931507,24.115237091675446,30.832708113804006,54.772096944151734
milpa alta,2021Q3,37987.19584022448,1373.0,6315028.030136986,85338.21662347278,471.6562257926993,85397.26301369863,62.15456418315571,81.0500611957616,596.8849315068493,13.197306849315064,23.512661977045543,30.129618659755653,54.557534246575344
milpa alta,2021Q4,38106.7612808346,1373.0,5642949.178082191,84223.12206092823,401.96107565354527,84331.07671232874,61.34240499703441,75.7944885744027,582.849315068493,13.706890410958906,24.488734410141078,31.263340830096098,56.20016356573297
milpa alta,2022Q1,38486.18761895736,1373.0,6338650.536986301,85657.43968900407,1136.116727725104,85617.30273972602,62.387064595050305,70.67810183324737,527.3589041095892,15.490438356164384,27.630359126249537,34.8829692706405,58.946908552388
milpa alta,2022Q2,39136.6235669931,1373.0,5859275.808219179,87451.87773461461,860.3147606820538,87245.49315068495,63.6940114600252,77.56117076186716,594.3287671232878,14.975361643835615,26.42052749948886,33.385647106931096,57.76299325291351
milpa alta,2022Q3,39735.608431640765,1373.0,5744433.534246576,87036.87173100872,678.21624644018,87065.3890410959,63.39174925783592,82.47956191515418,600.7013698630135,14.265758904109587,24.133665421336655,30.568576172685766,55.79908675799087
milpa alta,2023Q1,40797.74033841114,1373.0,6438330.9479452055,85844.4126392694,766.7845373296872,85920.81643835615,62.52324300019621,72.39256545314967,534.4383561643833,15.112331506849317,26.94977168949772,33.85347945205479,58.87510502283105
milpa alta,2023Q2,41134.401284914085,1373.0,5298796.106849315,86865.50994834943,1124.697243970331,86814.67671232879,63.26694096747955,77.38129254222946,587.5835616438358,14.443838356164386,25.612216483269705,32.517044688973726,58.08695261621379
milpa alta,2023Q4,41134.401284914085,1373.0,7133145.445205479,90292.98031905669,337.59907563025627,90282.76301369864,65.76327772691677,79.30546077893975,600.4109589041095,15.295893150684936,26.838616264955782,33.95505462112017,60.69627189179816
alvaro obregon,2012Q1,206832.79972010208,380.0,6443354.756164385,96169.47397260276,0.0,96169.47397260276,253.07756308579673,162.1529187656627,769.8000000000003,22.619178082191784,75.68013698630135,266.1726027397259,361.813698630137
alvaro obregon,2012Q2,207914.14923497563,380.0,8174405.287671234,96169.47397260276,0.0,96169.47397260276,253.0775630857967,162.1529187656627,769.8000000000003,22.619178082191784,75.68013698630135,266.1726027397259,361.813698630137
alvaro obregon,2012Q3,209158.79739744286,380.0,7433041.057534248,96533.00074719802,470.1225393245375,96169.47397260276,254.03421249262635,163.23939879450768,787.8191780821917,21.076712328767126,75.02792207792206,267.44911937377685,363.5116705212596
alvaro obregon,2012Q4,209976.44894052108,380.0,7131922.191780822,95092.29589041097,1072.0340775675431,95277.39452054792,250.2428839221341,159.42379279489896,778.4164383561643,21.55068493150685,74.27500456621004,264.5672511415525,357.2509863013699
alvaro obregon,2013Q1,211165.0093051671,380.0,6797345.767123288,93114.32557703134,836.9336181696052,93020.35890410957,245.03769888692457,153.30586983792622,720.7205479452055,24.309589041095894,75.37624319759806,258.7341339838619,348.52340964533687
alvaro obregon,2013Q2,212221.7679720521,380.0,7695655.224657534,98662.24646996838,2237.902146380686,99358.35479452054,259.63749071044316,164.28592385218022,759.7095890410957,24.726027397260278,73.89329118370213,275.23781173164735,372.21987179487184
alvaro obregon,2013Q3,213277.31952026693,380.0,7238198.380821918,100530.53306697108,901.0968621731722,100213.83150684932,264.554034386766,168.12644121579186,762.5863013698629,24.7945205479452,72.28226788432268,281.4845509893455,382.4379756468798
alvaro obregon,2013Q4,214279.08767749,380.0,6905706.580821918,94598.72028523176,2240.912167662361,93597.5178082192,248.94400075060986,154.68624938193332,721.3863013698628,25.59178082191781,73.2248545693376,265.37235879151814,359.87507975229875
alvaro obregon,2014Q2,215279.21752959295,380.0,5830455.931506849,95581.2447788008,2405.194520252078,95976.4,251.52959152316,158.4429644492851,727.0958904109591,23.61369863013699,72.66924545250394,265.2987424208399,365.3050976869526
alvaro obregon,2014Q3,216912.83959876385,380.0,7898901.01369863,101267.961714085,1075.056668801615,101087.01643835616,266.49463608969734,170.72982256180632,748.4136986301372,23.887671232876713,75.19291359325607,276.6767298911135,391.1402177730945
alvaro obregon,2014Q4,219002.37116930407,380.0,7132219.484931506,101888.84978473581,422.7287170090749,101910.59315068493,268.12855206509425,170.46382387044463,738.9315068493152,25.671232876712324,81.72373776908024,273.730313111546,393.67246575342466
alvaro obregon,2015Q1,220522.21289703524,380.0,7449177.019178082,106416.81455968689,2702.014110341086,106908.14657534246,280.0442488412813,176.83931926608682,782.2684931506847,28.169863013698635,88.96747553816047,283.7051076320939,409.8752837573385
alvaro obregon,2015Q3,222875.8024393786,380.0,8506870.178082192,126968.21161316705,988.3070998261553,127254.70410958905,334.1268726662291,219.14046418800783,904.8,29.263013698630136,94.42410549989778,335.4494786342261,498.30560212635453
alvaro obregon,2015Q4,224226.48687532175,380.0,9537158.194520548,125488.92361211247,2170.793849624765,126726.22739726026,330.2340095055592,212.42467121459194,894.1698630136987,30.74794520547946,99.32187274693584,332.7354361932228,489.7762166546504
alvaro obregon,2016Q1,224950.08384009794,380.0,8723713.799999999,119502.92876712327,1093.7170267530669,119717.89589041096,314.4813914924297,196.44812459911776,824.6438356164385,33.99726027397261,101.25949521486208,319.03807468568215,461.3526740476637
alvaro obregon,2016Q2,226451.38658437796,380.0,8770409.030136986,121811.23652968036,2528.9316249272824,121992.91506849314,320.555885604422,202.73941245785284,859.6931506849314,32.10136986301371,97.32041476407916,326.12608447488583,473.38029870624047
alvaro obregon,2016Q3,228588.57951187948,380.0,9185092.484931506,125823.18472508913,301.8891093658976,125838.9616438356,331.1136440133925,212.3339538184308,869.7589041095889,31.106849315068498,95.34243760555452,337.2220679301933,493.31769562769745
alvaro obregon,2016Q4,230018.50157665217,380.0,8413902.0,121940.60869565218,1935.8596215194857,121689.30136986304,320.896338672769,203.03888526046902,853.5068493150683,30.794520547945197,96.49686321222951,328.47643438554695,476.4116736152472
alvaro obregon,2017Q1,230675.57379422933,380.0,8374565.128767123,116313.40456621005,1081.6434450290833,116097.4684931507,306.08790675318437,192.28045953902165,826.2602739726027,30.88493150684932,94.2577815829528,313.93858447488583,452.2353500761035
alvaro obregon,2017Q2,230772.0365081765,380.0,8351408.610958904,124647.88971580454,3181.817376318497,125155.96164383562,328.0207624100119,213.9978295388813,910.3698630136988,26.197260273972603,89.8828153751789,336.10159476589655,490.9408607646698
alvaro obregon,2017Q3,231566.2311015957,380.0,10169472.86849315,130377.85728837374,1296.2836344426926,130777.54794520549,343.0996244430887,226.11161440305114,942.9534246575341,24.73698630136986,90.4735335440815,352.00985247629086,517.1167808219177
alvaro obregon,2017Q4,232609.70637836336,380.0,7641736.602739726,123253.81617322139,2216.199131223838,123107.55479452055,324.3521478242668,210.08114006247501,913.9342465753425,26.043835616438354,92.6496796288113,332.774370304905,484.2703380468405
alvaro obregon,2018Q2,235724.1976320511,380.0,7994305.884931507,121125.84674138646,3355.3888423400867,120961.62465753424,318.75222826680647,207.15150228293942,931.9589041095891,24.989041095890407,89.88608343711083,328.27052718970526,475.1471772519717
alvaro obregon,2018Q3,236539.30781914218,380.0,9349539.484931506,124660.52646575341,1495.3593937452565,124966.07671232877,328.05401701514063,214.51307166788493,933.254794520548,24.180821917808224,87.75929680365296,340.05609132420096,491.2719726027397
alvaro obregon,2018Q4,236328.61120442342,380.0,9289930.183561645,117594.05295647653,2967.794253222734,117417.13424657533,309.4580340959908,198.3634314737362,891.8849315068494,24.405479452054795,87.9103520027744,323.0958904109589,458.3926478238252
alvaro obregon,2019Q1,236057.8474697636,380.0,7432209.249315069,112609.23105022832,750.0500961662149,112716.81643835617,296.34008171112714,185.79723940052108,816.4630136986299,26.819178082191787,88.78849107513489,311.9983395599834,434.5908779576588
alvaro obregon,2019Q2,235103.00643219787,380.0,7448259.638356165,116379.05684931508,2212.3850706897542,116191.11917808223,306.2606759192502,194.59664773328458,861.3013698630137,24.556164383561644,86.31179366438356,323.3082405821918,450.9316994863014
alvaro obregon,2019Q3,231337.92601192044,380.0,9145555.115068493,120336.25151405913,1126.9915025802907,120759.28630136987,316.6743460896293,202.28774338950788,865.8219178082192,24.282191780821922,84.57850576784428,335.60214491708723,468.5130227108868
alvaro obregon,2020Q2,209759.03029175883,380.0,8431429.953424659,113938.24261384674,2328.8603339519914,114462.65753424658,299.8374805627546,189.65660808781303,846.5890410958905,25.076712328767126,83.40291558681969,317.19078119215106,440.78938356164383
alvaro obregon,2020Q3,209088.78349762605,380.0,8914077.48219178,122110.6504409833,1552.535854226329,122616.62739726024,321.343816949956,207.8843937132655,883.5260273972601,24.164383561643834,79.83951960968287,339.95164195909183,478.26215987990247
alvaro obregon,2020Q4,215151.97583193032,380.0,8142448.342465754,118006.49771689498,2666.4325816021233,117526.11232876709,310.54341504446046,198.88554174700644,875.5342465753423,24.6,81.23216200119118,328.6552709946397,460.58699622791346
alvaro obregon,2021Q1,221261.29596384073,380.0,8555834.38630137,112576.7682408075,1074.4917115658388,112257.4082191781,296.2546532652829,188.23909239252086,833.2410958904109,26.356164383561644,80.66220259552992,312.6291997116078,437.78771629416
alvaro obregon,2021Q2,221624.51766659852,380.0,7742649.789041095,119117.6890621707,2372.63371451603,120024.73698630136,313.46760279518605,203.14042253820486,886.7205479452055,26.31506849315069,77.84306638566912,330.61919915700736,466.1250263435195
alvaro obregon,2021Q3,221275.78240483147,380.0,9168365.956164382,123896.83724546463,644.4457314603931,124081.69452054794,326.04430854069636,212.7407325305906,910.372602739726,25.882191780821916,77.65285079600149,343.58019252128844,485.86809514994445
alvaro obregon,2021Q4,221972.2522503779,380.0,8070431.975342466,120454.20858720098,2384.23112075101,119976.23287671234,316.98475944000256,205.06424199665318,902.1452054794521,25.99452054794521,80.21240032713146,333.51833980781026,469.3511756287058
alvaro obregon,2022Q1,224182.41433199725,380.0,8623065.706849314,116527.91495742317,1289.0114304946724,116281.50136986302,306.6524077826926,197.26662007852613,867.6520547945206,28.449315068493153,80.68413550536839,321.50188818955945,452.00568308034065
alvaro obregon,2022Q2,227971.21000702403,380.0,8448912.843835616,126103.17677366592,3835.5833739547184,126704.30410958902,331.85046519385764,222.0802749489919,1014.6027397260273,24.8958904109589,79.37675322020036,346.82249028828465,491.9291658147618
alvaro obregon,2022Q3,231460.3026247322,380.0,8790296.087671233,133186.30435865506,474.80432433168136,133321.90136986302,350.4902746280396,238.3306331635798,1027.9616438356168,24.205479452054796,78.68227480282275,365.1298879202989,522.3105022831049
alvaro obregon,2023Q1,237647.2312328946,380.0,9718626.35890411,129581.68478538813,1017.0690618502451,129239.3287671233,341.0044336457582,229.27045528067566,1024.2109589041097,26.334246575342473,84.31839269406395,352.70454794520543,504.89936986301365
alvaro obregon,2023Q2,239608.284495576,380.0,8274935.224657536,135654.67581405796,2594.2871421160094,136051.57808219182,356.985988984363,241.31861319319736,1098.4027397260274,26.7068493150685,85.52490455872444,368.7563440377274,529.3564675499664
alvaro obregon,2023Q4,239608.284495576,380.0,10923634.656164384,138273.8564071441,3033.8294119900265,138414.9219178082,363.8785694924844,241.11070886341096,1077.284931506849,27.53150684931507,89.1505505462112,374.69247442344374,541.1007542916595
tlahuac,2012Q1,100385.95923900342,356.0,5656898.843835618,84431.32602739728,0.0,84431.32602739728,237.16664614437437,154.67645921470063,698.9342465753426,59.61917808219178,100.32534246575345,183.5301369863014,371.6198630136986
tlahuac,2012Q2,100910.79044793214,356.0,7176662.712328769,84431.32602739728,0.0,84431.32602739728,237.16664614437437,154.67645921470063,698.9342465753426,59.61917808219178,100.32534246575344,183.5301369863014,371.6198630136986
tlahuac,2012Q3,101514.87838695062,356.0,6480789.282191781,84166.09457391924,299.4735110693269,84278.23287671234,236.42161397168329,154.89513749324274,704.4054794520548,56.93698630136984,99.30302437288739,182.59855897527132,371.21934709126486
tlahuac,2012Q4,101911.72421887974,356.0,6033824.1561643835,80450.98874885845,1558.4648407369973,80380.62465753425,225.98592345184957,144.38293552120135,687.8328767123286,58.4958904109589,98.61661187214611,176.7322191780822,350.663899543379
tlahuac,2013Q1,102488.59003745357,356.0,5661778.339726027,77558.60739350722,447.34271839261453,77684.62465753425,217.86125672333492,135.94283826337175,638.5780821917808,58.59178082191778,98.90985175455057,172.46950647401013,333.29920247701267
tlahuac,2013Q2,103001.48611874695,356.0,6241051.887671232,80013.48573937477,685.1115067503165,80362.8123287671,224.7569824139741,145.19083122249265,672.9726027397261,57.30136986301369,97.53008429926238,175.30086055497014,347.51353178784683
tlahuac,2013Q3,103513.79632697871,356.0,5673939.4547945205,78804.7146499239,999.8268669032054,78439.8794520548,221.36155800540422,144.39003530899444,673.586301369863,57.26301369863014,95.21487823439878,171.52031963470318,341.7708999238965
tlahuac,2013Q4,104000.00285483125,356.0,5405060.73150685,74041.92782886095,1672.366688151469,73358.64657534249,207.98294333949707,129.149298978189,633.0493150684933,57.42465753424656,96.9076562206793,164.16087446049917,311.2628541940327
tlahuac,2014Q2,104485.41423398764,356.0,4539450.405479452,74417.21976195823,1080.7774589147746,74502.65479452054,209.03713416280402,133.28588007900757,634.8164383561642,54.88493150684931,94.79602515158321,163.4613968111385,313.0176734785538
tlahuac,2014Q3,105278.29001901619,356.0,5997669.482191781,76893.1984896382,414.47342529534734,76907.67123287672,215.9921305888714,139.28868774657295,639.5232876712328,55.19178082191781,96.15463645943098,167.41443624868285,325.6192922374429
tlahuac,2014Q4,106292.44073086034,356.0,5317726.769863014,75967.52528375735,405.77473368535806,75881.55205479453,213.39192495437453,129.6185376827298,611.9643835616441,57.31780821917809,103.42898238747553,169.18679060665363,313.5162622309197
tlahuac,2015Q1,107030.09341426562,356.0,5410706.304109588,77295.8043444227,1309.246498451372,77704.56438356164,217.12304591129976,129.17477932509453,589.3342465753427,60.1890410958904,107.62577299412916,172.79254403131117,317.6529060665362
tlahuac,2015Q3,108172.40422852118,356.0,5800381.873972603,86572.86379063586,523.031444951876,86779.42191780821,243.18220165908951,156.09599131074305,653.8465753424656,61.87945205479451,108.41627479043139,186.38742588427726,371.8542833776324
tlahuac,2015Q4,108827.95669851062,356.0,6445191.356164383,84805.14942321557,1390.51337257536,85330.86575342464,238.21671186296507,149.05613208711273,643.219178082192,62.723287671232875,110.24131218457103,184.66115717375632,361.3596791636626
tlahuac,2016Q1,109179.15329551938,356.0,5988341.712328768,82032.07825107902,456.8709543614473,82102.71232876714,230.42718609853657,139.15591993653646,592.6082191780819,63.97808219178081,110.99887408519422,181.60311503096264,345.38704259711017
tlahuac,2016Q2,109907.80811379116,356.0,6001245.328767124,83350.62956621005,1160.4577109330123,83391.92602739725,234.1309819275563,146.0723308781129,625.5068493150686,59.594520547945194,107.37264079147639,183.12496194824965,357.16108257229837
tlahuac,2016Q3,110945.0911868646,356.0,6204871.679452055,84998.24218427473,406.4409650372957,85021.14794520548,238.75910725919866,152.8620148572656,628.731506849315,59.42191780821916,104.79712891724526,184.56061174704448,370.81196284481143
tlahuac,2016Q4,111639.10150971221,356.0,5663561.049315069,82080.59491760969,1108.2744780607002,81870.94520547948,230.56346886969015,141.12304961383524,609.4876712328767,61.50410958904111,107.19401429422275,182.30357355568793,351.5163490172722
tlahuac,2017Q1,111958.01043005774,356.0,5731131.912328768,79599.05433789955,559.6752102511829,79606.41232876712,223.5928492637628,132.87621957503126,582.7452054794519,61.66575342465753,107.68039383561644,179.5164573820396,336.3296232876712
tlahuac,2017Q2,112004.82844965372,356.0,5595527.884931507,83515.34156614188,1560.1639259791061,83481.55342465754,234.59365608466825,149.73342199364802,632.4465753424657,57.8958904109589,102.49706603966467,182.21122469842567,364.99273154774073
tlahuac,2017Q3,112390.28948963725,356.0,6756710.093150685,86624.48837372672,553.5296455990177,86796.46301369861,243.32721453294027,156.5965770565001,646.2602739726028,58.671232876712345,104.8596592904812,187.98029504741834,381.37190902704594
tlahuac,2017Q4,112896.7384993797,356.0,5163155.435616438,83276.70057445868,928.5371222094176,83134.24520547944,233.9233162203896,142.2157334893573,614.9479452054795,61.9945205479452,109.91609589041094,185.34754750331416,356.7728236853734
tlahuac,2018Q2,114408.35170804885,356.0,5488071.265753425,83152.59493565795,1625.6590464503565,83042.78082191784,233.57470487544364,143.06986450314295,626.5945205479452,59.40821917808219,108.84897260273972,184.51156081361557,357.91513075965133
tlahuac,2018Q3,114803.96409702853,356.0,6374571.120547945,84994.28160730592,577.3897297774711,85276.39452054792,238.7479820429942,149.74766576317714,627.2054794520549,59.273972602739725,106.82309589041097,187.78924200913244,371.3830684931507
tlahuac,2018Q4,114701.70284153338,356.0,6427240.972602739,81357.48066585745,1453.6711933717409,81396.61917808217,228.53224906139735,138.07113886878307,608.9397260273971,59.97534246575342,107.18210508063117,182.78935321657707,349.4696809432981
tlahuac,2019Q1,114570.28810814611,356.0,5215553.0520547945,79023.5310917393,313.7449485817118,79103.2589041096,221.97621093185202,129.73160841113608,566.9041095890412,61.17260273972604,108.41476753839767,179.7815483603155,334.5058738065588
tlahuac,2019Q2,114106.85758065475,356.0,5213677.063013699,81463.70410958905,1280.9123569580593,81451.69452054793,228.83062952131755,138.25087979429696,631.3205479452052,60.33424657534248,107.32137200342466,183.52024828767122,349.1371682363014
tlahuac,2019Q3,112279.48198977641,356.0,6385400.49041096,84018.42750540737,350.7024057134505,83962.82876712334,236.0068188354139,145.4794720491586,649.0136986301369,59.556164383561644,107.99547584715215,188.0222602739726,361.410237923576
tlahuac,2020Q2,101806.20043521497,356.0,6082786.328767124,82199.81525360978,1568.7030739310921,82391.6904109589,230.89835745396005,137.71896465412468,690.4438356164385,61.03287671232876,112.48121066271752,186.92937800814516,340.42138097001106
tlahuac,2020Q3,101480.89725580177,356.0,6350070.504109589,86987.26717958342,848.9742195020867,87244.22465753426,244.34625612242533,156.09146085526027,733.0328767123287,59.25479452054794,108.26910302120473,192.92493901294802,368.95074122724714
tlahuac,2020Q4,104423.65768525677,356.0,5868714.063013699,85053.82700019854,1155.5794413476606,85076.09315068492,238.9152443825802,148.80220178686156,717.2246575342465,59.88219178082193,110.32369465951956,189.9654953345245,354.570160810006
tlahuac,2021Q1,107388.80616542973,356.0,6303389.665753425,82939.33770728191,649.9258892813031,82724.17397260274,232.975667717084,143.77190247071437,688.1534246575343,58.882191780821934,109.37959625090123,185.72781182408073,343.00866979091563
tlahuac,2021Q2,107565.09522160028,356.0,5690641.605479451,87548.33239199156,1719.4408429442574,88100.92328767123,245.92228199997632,159.4922020270559,739.7753424657535,58.4986301369863,107.45868282402529,191.65924130663856,368.6688092729189
tlahuac,2021Q3,107395.83713574384,356.0,6765705.608219178,91428.45416512403,556.1677144126415,91632.43013698631,256.82150046383157,168.65327781523402,761.4794520547946,59.509589041095886,110.42311181044056,198.06928915216585,387.5107182524991
tlahuac,2021Q4,107733.86763004084,356.0,6075608.504109589,90680.72394193416,961.9903667564665,90711.44383561643,254.7211346683544,160.38345010141535,750.4876712328768,61.495890410958886,117.35864853813125,198.68793702719282,377.50752402371705
tlahuac,2022Q1,108806.56616207869,356.0,6620622.9753424665,89467.87804516847,761.8643354162881,89293.38082191782,251.3142641718215,153.69441349198823,715.6520547945204,65.41643835616436,120.2705386893743,198.57921140318402,368.1724176231026
tlahuac,2022Q2,110645.45191285346,356.0,6371204.147945206,95092.59922306277,2342.9347960963496,95213.59726027398,267.1140427614123,171.53318480846534,809.6876712328767,63.60821917808219,119.31733796769576,206.88979758740547,400.21709261909626
tlahuac,2022Q3,112338.87727757487,356.0,6602977.032876713,100045.10655873807,660.9574048036728,100107.9273972603,281.0255802211744,186.3553761422498,843.7123287671235,63.56712328767123,119.73680987961811,214.33657119136572,427.75408883354083
tlahuac,2023Q1,115341.69290408137,356.0,7523753.561643835,100316.71415525113,1172.9258099443277,99875.01095890412,281.7885229080088,181.43806228146084,872.813698630137,66.26849315068495,127.31957077625572,217.5492602739726,419.4690684931507
tlahuac,2023Q2,116293.48688046933,356.0,6564080.449315068,107607.87621827981,3196.038634671066,107460.2794520548,302.26931521988706,203.50699171573459,982.2630136986303,66.90958904109588,129.24749607006513,227.6386930159443,456.45318886144173
tlahuac,2023Q4,116293.48688046933,356.0,9637150.352054795,121989.24496271893,1205.3048195792514,122241.35753424658,342.6664184346037,243.55492207198583,1101.868493150685,69.72328767123288,140.08335356337784,248.78957863707302,517.735945899081
tlalpan,2012Q1,182266.18516173604,1427.0,8768902.728767125,130879.14520547948,0.0,130879.14520547948,91.71628956235423,107.22537042786509,594.6109589041096,14.63561917808219,24.349315068493155,35.41917808219176,120.48630136986299
tlalpan,2012Q2,183219.09713299602,1427.0,11124727.342465756,130879.1452054795,0.0,130879.14520547948,91.71628956235423,107.22537042786509,594.6109589041096,14.63561917808219,24.349315068493155,35.41917808219176,120.48630136986297
tlalpan,2012Q3,184315.91191647554,1427.0,10041074.254794521,130403.5617505782,777.6968772245497,130879.14520547948,91.38301454140029,107.22075904737544,602.0794520547946,13.246578082191778,24.001832414161186,35.02170432307417,120.16680305995372
tlalpan,2012Q4,185036.44670472067,1427.0,9422804.15068493,125637.38867579907,1615.6340064485328,125504.9205479452,88.0430193943932,101.11387941956097,590.9205479452054,13.821920547945206,24.147963470319638,35.30670319634703,115.9114703196347
tlalpan,2013Q1,186083.83553179086,1427.0,9025591.430136986,123638.23876899981,699.535269308516,123475.2410958904,86.64207341906084,94.74268419729673,541.2328767123289,15.10411232876712,26.788346781760183,37.68800900731844,112.78573841246013
tlalpan,2013Q2,187015.07743883063,1427.0,9882048.556164384,126692.9302072357,958.2824385789409,126608.93424657534,88.78271212840625,100.19442826118836,557.9424657534248,15.350687671232876,25.6692483315771,36.143168247277835,116.04401123990166
tlalpan,2013Q3,187945.25560300497,1427.0,9078915.205479452,126096.04452054795,1259.5540365742777,125692.14520547945,88.36443203962716,100.86390513248648,554.3369863013696,15.309589041095888,24.653196347031965,34.85391933028919,116.10458523592085
tlalpan,2013Q4,188828.03851113483,1427.0,8811814.202739727,120709.78359917433,2215.673077348737,120068.41369863015,84.58989740656925,92.43478472391816,520.468493150685,15.58904109589041,25.651473071870896,36.20570463501595,110.99699756051791
tlalpan,2014Q2,189709.3777042215,1427.0,7470283.93150685,122463.67100830901,2584.6721508895284,122686.74794520548,85.81897057344709,95.55887151102021,540.4164383561643,13.465753424657532,25.17588142825062,36.67972153604312,112.18068717718391
tlalpan,2014Q3,191148.96592691512,1427.0,10175856.361643836,130459.69694415174,2171.7167214524247,130104.42465753425,91.42235244859967,104.08450525964356,566.7123287671234,13.693150684931508,25.860326659641725,37.86765015806112,118.72112750263435
tlalpan,2014Q4,192990.31289244848,1427.0,9342660.794520548,133466.58277886498,958.3756722684548,133160.42328767123,93.52949038462857,103.52535303651378,559.5479452054793,14.783561643835618,28.174442270058712,40.88422700587084,120.7155577299413
tlalpan,2015Q1,194329.63506058647,1427.0,9897722.520547947,141396.03600782782,3761.261683851217,142475.85205479458,99.08622004753174,106.8329289931771,606.3178082191779,16.06027397260274,32.225988258317024,45.23318982387475,125.2531311154599
tlalpan,2015Q3,196403.67645005658,1427.0,11086608.263013698,165471.76511960744,2305.455398810431,165994.76164383558,115.95778915179217,137.14483293677463,709.2301369863015,17.99178082191781,31.342056839092216,43.949294622776534,145.96816601921898
tlalpan,2015Q4,197593.9330236264,1427.0,12663189.254794521,166620.91124729635,1514.7533087221652,166901.66301369865,116.76307725809133,135.460773302099,701.317808219178,18.873972602739727,32.75248738284066,45.64754866618601,147.46780821917807
tlalpan,2016Q1,198231.5845882856,1427.0,12006005.802739725,164465.8329142428,1122.7925562697283,164770.2794520548,115.25286118727597,127.41863468996917,650.6356164383562,20.890413698630134,36.17821354850815,49.22856070557329,143.91975980484142
tlalpan,2016Q2,199554.56974510342,1427.0,11977837.753424656,166358.85768645356,1953.9693155229238,166195.78082191775,116.57943776205576,133.6353928985157,683.6958904109587,18.99452328767123,33.36995814307457,46.52054794520547,147.6833523592085
tlalpan,2016Q3,201437.91707868633,1427.0,12406321.802739726,169949.61373616062,719.3044325941185,170031.16712328768,119.09573492372854,140.6691749562973,690.2027397260276,18.37534520547945,31.353086883092512,44.42698442484519,152.87628072809161
tlalpan,2016Q4,202697.99981303702,1427.0,11349534.134246575,164486.00194560253,2459.311015618868,164382.4712328767,115.2669950564839,132.34634537070892,673.1643835616438,18.309591780821922,32.101171332142144,45.425967837998805,149.04459003375024
tlalpan,2017Q1,203277.02812303242,1427.0,11360915.093150686,157790.48740487066,1230.2017886867059,157704.95616438356,110.57497365442931,123.3072121051973,630.6273972602739,18.758906849315068,32.92804414003044,46.11046423135465,142.03989726027396
tlalpan,2017Q2,203362.03345538437,1427.0,10884238.191780822,162451.31629523615,2473.8322595521076,162500.66575342466,113.84114666800012,136.02410665424327,703.5945205479453,15.800005479452052,28.59550194234308,41.45050092005725,148.48840727867514
tlalpan,2017Q3,204061.89739869745,1427.0,13039059.764383562,167167.43287671232,1346.9720152624327,167464.83287671232,117.14606368375077,144.06925108893088,728.6273972602739,15.287676712328768,26.83491394450298,39.345240604144706,155.2922023182297
tlalpan,2017Q4,204981.43365341338,1427.0,9863962.641095888,159096.17163057884,2625.281222300378,158572.48082191776,111.48995909641128,132.19805065832318,705.7452054794519,15.975347945205481,28.16626159964649,40.92854617764031,147.54507291206366
tlalpan,2018Q2,207726.0004740407,1427.0,10373590.298630135,157175.61058530508,3178.99701094892,156542.41369863012,110.1440859042082,131.65536966538366,733.4986301369862,14.347958904109587,27.31002490660025,40.014072229140716,145.90975508509757
tlalpan,2018Q3,208444.29575645537,1427.0,12124942.926027399,161665.9056803653,1153.2790025968732,162242.76712328766,113.29075380544171,139.9831453253906,737.1260273972603,13.819186301369859,25.362210045662103,37.67587214611872,151.76427397260275
tlalpan,2018Q4,208258.6246818325,1427.0,12292124.947945205,155596.51832842032,2446.8445870874493,155691.75068493147,109.03750408438704,131.61407574385257,744.6712328767122,14.038364383561639,26.398976937749264,39.147667764869084,144.77319230102307
tlalpan,2019Q1,208020.0209736036,1427.0,10045352.142465753,152202.30518887506,957.1728548763209,152442.701369863,106.65893846452353,124.82006172910326,716.0767123287673,15.109599999999997,28.48482772934828,41.46355334163554,139.77696139476961
tlalpan,2019Q2,207178.59140542822,1427.0,10066619.389041094,157290.9279537671,2336.2422976019084,156927.6150684931,110.2248969542867,132.8567242879316,822.545205479452,15.057547945205483,27.597452910958907,40.44661815068493,144.83360445205477
tlalpan,2019Q3,203860.70929988316,1427.0,12324990.86849315,162170.93248017304,1019.5524780057129,162198.001369863,113.64466186417171,140.93478919265738,854.1780821917808,15.002753424657534,26.328550829127614,38.74491708723864,150.53705839942322
tlalpan,2020Q2,184844.85200723296,1427.0,11597655.920547944,156725.08000740464,3063.1044078451387,157207.202739726,109.82836720911328,131.91276336534585,865.73698630137,13.811002739726025,27.96232876712329,41.488967049241026,143.88163643095152
tlalpan,2020Q3,184254.21393411892,1427.0,12104800.087671233,165819.17928316758,1356.9978444132726,166080.42739726024,116.20124686977404,147.89216637697825,920.4109589041095,12.605531506849315,24.798461249765435,37.823756802401945,154.12816663539127
tlalpan,2020Q4,189597.24916920264,1427.0,11014401.279452054,159629.00405002976,3140.3037915557948,159833.96438356166,111.86335252279594,140.16797452642263,900.7260273972603,12.767175342465755,24.912666269604923,38.17061743101053,147.28338296605122
tlalpan,2021Q1,194980.93336185478,1427.0,11716392.679452052,154163.06157173752,1262.644795275039,154135.53698630133,108.03297937753159,132.9307086356604,842.1561643835618,13.709638356164382,25.872674837779382,39.09704397981254,139.82532444124013
tlalpan,2021Q2,195301.01332121913,1427.0,10537718.512328768,162118.7463435195,3113.032683085384,162778.3643835617,113.60809134093869,144.69640363846182,939.2164383561642,13.575383561643838,25.26474183350896,38.01159114857745,145.72665964172813
tlalpan,2021Q3,194993.69917240093,1427.0,12459349.616438355,168369.58941132913,769.1159501165088,168443.1232876712,117.98849993786203,152.32074189189342,976.5150684931506,14.076739726027395,25.420140688633843,37.78074787115883,150.8627175120326
tlalpan,2021Q4,195607.44564781353,1427.0,10984649.315068493,163949.9897771417,2435.8852708753466,163477.8136986301,114.89137335468935,145.06761263728635,968.7287671232878,14.473991780821919,26.488509507258232,39.2481701083623,145.84080965037822
tlalpan,2022Q1,197555.09520702765,1427.0,11910199.224657536,160948.6381710478,1733.8231854370492,160567.51369863015,112.78811364474264,137.65208919524966,906.7698630136988,15.956175342465752,29.375749722325065,42.131321732691596,140.84415031469825
tlalpan,2022Q2,200893.8757823471,1427.0,11413001.600000001,170343.3074626866,3956.157252696937,170434.48493150683,119.37162401029192,151.85531207426826,1024.7643835616439,14.950690410958906,27.955244326313636,40.41279901860561,149.66556941320795
tlalpan,2022Q3,203968.5506016516,1427.0,11706776.328767123,177375.39892071398,555.0532423041866,177568.7794520548,124.29950870407427,163.7678040806164,1037.4739726027397,14.698630136986303,25.81816106268161,37.52415940224159,157.39846409298465
tlalpan,2023Q1,209420.62530548865,1427.0,12999939.093150685,173332.52124200913,1358.5939577544464,173363.6712328767,121.46637788507998,154.00344547593144,961.1890410958904,15.726027397260276,28.654904109589044,41.05921461187214,150.8585570776256
tlalpan,2023Q2,211148.75400447458,1427.0,11078221.010958904,181610.18050752304,3650.2155333434857,181978.66301369865,127.26712018747234,165.37973468650625,1045.5479452054794,15.342465753424653,27.558207949696833,40.604176959353246,158.50161688749162
tlalpan,2023Q4,211148.75400447458,1427.0,14926169.176712329,188938.85033813075,3049.62546870104,189188.16027397255,132.40283835888627,169.8302003243416,1058.2958904109591,15.84109589041096,28.83787064331542,43.19793653546038,166.8635685798509
xochimilco,2012Q1,117104.90140486452,492.0,6773021.923287671,101089.8794520548,0.0,101089.8794520548,205.46723465864798,128.08970053782852,590.4767123287671,29.323287671232876,87.38904109589042,182.31917808219177,304.6054794520548
xochimilco,2012Q2,117717.14147749725,492.0,8592639.753424658,101089.8794520548,0.0,101089.8794520548,205.46723465864795,128.08970053782852,590.4767123287671,29.323287671232876,87.38904109589042,182.31917808219177,304.6054794520548
xochimilco,2012Q3,118421.8382206962,492.0,7764890.504109588,100842.73381960504,303.579809677542,100961.8109589041,204.96490613740863,128.5139418200092,612.2082191780825,27.312328767123283,86.75515032912293,181.93894324853227,304.09797189112254
xochimilco,2012Q4,118884.77738443269,492.0,7224065.05479452,96320.86739726027,1924.458513222058,96380.2931506849,195.77412072613873,119.9504345473124,601.73698630137,27.871232876712323,86.38603652968037,175.0541917808219,288.02713242009133
xochimilco,2013Q1,119557.71825504878,492.0,6749389.805479452,92457.39459560893,591.0653233549949,92632.46575342468,187.92153373091247,111.9395594216455,552.745205479452,29.21917808219178,86.4491367986489,168.66892475136046,273.53087821354853
xochimilco,2013Q2,120156.03544488408,492.0,7432874.161643836,95293.25848261328,839.63556545602,95694.83835616439,193.68548472075867,117.741419250398,576.8493150684932,29.65753424657534,86.67356866877415,172.93075166842291,283.82222514928
xochimilco,2013Q3,120753.66918647985,492.0,6792439.221917807,94339.43363774732,1232.332505247578,93918.12739726026,191.74681633688485,116.65426536652825,577.613698630137,30.008219178082193,86.27785388127853,171.1878614916286,280.5562119482496
xochimilco,2013Q4,121320.85176797028,492.0,6423539.1150684925,87993.68650778757,2239.5161324568594,87067.06027397259,178.84895631664142,102.64666578042872,548.2602739726026,31.0082191780822,87.48056858697691,161.03191968474383,255.84257834490523
xochimilco,2014Q2,121887.10677143719,492.0,5490193.172602739,90003.16676397933,2289.908680881621,90088.84383561644,182.93326578044582,108.67149837070605,568.1342465753426,29.526027397260275,87.61579833819897,161.69564338648104,260.63757017740846
xochimilco,2014Q3,122812.03333821944,492.0,7490273.945205479,96029.15314365999,886.582179370162,96164.56712328768,195.1812055765447,119.90835763235343,588.4219178082193,29.975342465753428,89.9600105374078,169.8115560238848,280.6336143308746
xochimilco,2014Q4,123995.0874228791,492.0,6658582.106849316,95122.60152641879,502.3254395818857,94951.94657534247,193.33862098865606,114.70246750227065,579.4602739726026,31.997260273972604,94.29632093933463,168.12410958904107,273.7655088062622
xochimilco,2015Q1,124855.59366713926,492.0,6795881.306849315,97084.01866927593,1723.4875614395153,97611.10136986301,197.32524119771531,115.27350495693845,595.8082191780821,34.88493150684931,98.63049902152642,171.04949119373777,277.1612035225049
xochimilco,2015Q3,126188.15248603365,492.0,7359459.279452055,109842.67581271724,426.32916340534257,109783.10684931507,223.2574711640594,138.74926082642529,684.8657534246577,35.92328767123288,100.85943569822123,191.391555919035,326.47630341443465
xochimilco,2015Q4,126952.88500386573,492.0,8088013.063013699,106421.22451333814,1714.0397608643705,106853.99589041097,216.3033018563783,130.2573297648281,669.9397260273971,36.49863013698632,101.42567591925018,187.68902307137708,314.61914203316513
xochimilco,2016Q1,127362.57220691883,492.0,7533831.917808219,103203.17695627698,617.5698510579322,103349.81643835614,209.76255478918085,121.60723124742408,621.413698630137,39.739726027397246,103.3521298555076,183.53563520360296,300.999924939013
xochimilco,2016Q2,128212.582022024,492.0,7610282.605479452,105698.36952054795,2138.086892196192,105531.42328767122,214.8340843913576,128.5500040150987,684.6821917808219,35.717808219178096,101.58607305936073,187.75091324200912,311.6978500761035
xochimilco,2016Q3,129422.62108447892,492.0,8017547.219178082,109829.4139613436,327.9946709972777,109822.97534246575,223.23051618159266,137.95704159578847,700.6849315068494,35.17260273972602,100.46841808969788,194.55428785888535,327.5604053293301
xochimilco,2016Q4,130232.21648055948,492.0,7336087.791780822,106320.11292435974,1440.8308491406665,106121.84657534245,216.0977904966661,128.43604524026512,688.9726027397262,35.90136986301369,102.99905697836013,190.3769902719873,311.73884256501884
xochimilco,2017Q1,130604.2386035466,492.0,7386018.432876712,102583.58934550988,764.7944530547466,102524.88356164383,208.50323037705263,119.76379615545618,640.4547945205478,36.89041095890411,103.98302891933028,185.00228310502283,296.2535673515981
xochimilco,2017Q2,130658.85400604233,492.0,7243336.504109588,108109.50006133714,2439.5615700734943,108026.28493150686,219.73475622222998,134.25974714513626,696.6301369863014,33.084931506849315,100.34737272541402,192.9873032099775,319.56582498466565
xochimilco,2017Q3,131108.51227921993,492.0,8862618.032876713,113623.30811380401,834.8090039528078,113939.76301369864,230.9416831581382,143.4354995775013,716.7753424657535,32.24383561643835,102.17239199157007,202.29083245521602,338.95435546188975
xochimilco,2017Q4,131699.30865953123,492.0,6718183.049315069,108357.79111798498,1614.681500606859,108249.56849315071,220.23941284143285,130.22817709144414,676.9890410958905,33.690410958904096,104.667984975696,194.85877154220063,317.24819929297394
xochimilco,2018Q2,133462.67593823644,492.0,7179484.323287671,108780.06550435866,3028.8739918757074,108374.96712328767,221.0976941145501,132.39893876468122,697.3643835616439,30.284931506849322,103.15940224159405,195.16166459111668,319.5942922374429
xochimilco,2018Q3,133924.17623326983,492.0,8562318.64109589,114164.2485479452,413.2346674177772,114215.01643835616,232.0411555852545,143.48932647762717,711.7972602739727,29.917808219178077,103.085899543379,204.78288584474888,339.0603561643836
xochimilco,2018Q4,133804.8837113566,492.0,8690713.380821917,110009.0301369863,2045.8001406557842,110064.0794520548,223.59558970932176,134.48825644660542,711.6739726027397,30.0876712328767,103.86889197156233,198.81605687532513,322.61661175654586
xochimilco,2019Q1,133651.58229835896,492.0,7046275.463013698,106761.7494396015,520.8110160769747,106932.86301369863,216.99542569024695,126.95137632319201,666.0794520547945,32.06301369863014,105.12035076795351,193.416500622665,308.68915525114153
xochimilco,2019Q2,133110.96898309767,492.0,7112920.720547944,111139.38625856163,2140.0937735770945,111033.28904109591,225.89306150114155,136.1375899566688,740.0520547945205,31.452054794520546,105.30901113013698,200.26160102739726,324.87544948630136
xochimilco,2019Q3,130979.25016483173,492.0,8750588.399999999,115139.32105263155,847.0828318903535,115376.17260273972,234.02301026957636,143.53315439366727,752.1342465753424,31.03013698630137,106.2347602739726,206.84160057678443,339.25506488824806
xochimilco,2020Q2,118761.67897131188,492.0,8079964.797260273,109188.71347649019,2468.7562333152277,109544.84246575343,221.92827942376056,131.1126740495958,749.4904109589042,32.79452054794519,107.67885042576822,195.62811921510556,316.22213994816735
xochimilco,2020Q3,118382.19764702456,492.0,8568423.591780823,117375.66564083319,1368.1646224398082,117888.70684931504,238.56842609925442,150.10855292587516,809.7890410958903,30.41369863013699,105.89093638581346,208.04912741602553,348.0315819103022
xochimilco,2020Q4,121815.06487827745,492.0,7816416.043835617,113281.39193964662,2208.990975817224,113131.1068493151,230.2467315846476,142.23648795233746,794.2383561643836,30.649315068493156,105.95351399642644,200.99821322215604,331.9266527695057
xochimilco,2021Q1,125274.04881441468,492.0,8276048.958904109,108895.38103821196,809.0677730066174,108642.21917808219,221.33207528091862,136.885729678816,757.5260273972601,30.783561643835615,103.053731074261,192.5581831290555,316.5760814708003
xochimilco,2021Q2,125479.69821696167,492.0,7442502.698630137,114500.04151738672,2057.749729080741,115410.74246575344,232.72366162070472,150.62920775577274,816.9945205479451,30.413698630136984,101.74936775553215,199.9444889357218,337.37384615384616
xochimilco,2021Q3,125282.25076906706,492.0,8738265.117808219,118084.66375416513,427.77658674056755,118104.6780821918,240.00947917513238,157.37776036081814,837.6328767123287,30.27945205479453,103.25382265827471,205.8162902628656,347.4753517215846
xochimilco,2021Q4,125676.57909950858,492.0,7638595.6767123295,114008.89069719895,2430.3059969915103,113715.35890410958,231.7253875959328,146.8857222233524,822.0383561643838,31.008219178082193,106.21440400736044,199.8112451441423,328.4808014720916
xochimilco,2022Q1,126927.93194589976,492.0,8131311.457534247,109882.58726397631,825.8634988206123,109700.11506849315,223.33859199995183,138.05558632056656,762.7780821917808,33.967123287671235,106.89384487226954,193.28889300259164,311.681340244354
xochimilco,2022Q2,129073.0779022839,492.0,7796859.460273972,116371.03672050704,2824.776156603129,116453.06027397259,236.5264973994046,151.1757271122337,863.5616438356163,32.33150684931506,108.11411776732774,203.37041504804745,334.20770803516666
xochimilco,2022Q3,131048.53753703278,492.0,8022074.071232878,121546.57683686179,364.41660622965725,121639.30000000002,247.04588787980035,162.12561781967082,902.0849315068494,31.309589041095894,109.04517434620175,211.6140099626401,351.4337069323371
xochimilco,2023Q1,134551.4619553951,492.0,8787573.871232877,117167.65161643835,812.2839592341703,116973.87671232875,238.14563336674465,150.71210456633867,887.4575342465755,33.43835616438354,113.56754337899544,204.15550684931506,331.2166210045662
xochimilco,2023Q2,135661.7740010995,492.0,7489532.605479452,122779.22304064676,2487.7702707370463,122919.73972602739,249.55126634277795,162.21568392338222,967.1780821917808,32.98082191780823,115.03483045138111,212.8087356838087,349.70704019761956
xochimilco,2023Q4,135661.7740010995,492.0,10084064.512328768,127646.38623200973,2509.735921344928,127848.35342465754,259.44387445530435,166.84595176897747,991.0602739726027,33.80547945205479,121.98480579157275,221.7228021501647,361.0329287324432
benito juarez,2012Q1,110137.05320156479,106.0,2981198.0410958896,44495.49315068492,0.0,44495.49315068492,419.7688033083485,81.39330116007008,678.9506849315067,293.56438356164387,361.98630136986304,406.60684931506853,463.0972602739726
benito juarez,2012Q2,110712.86443271517,106.0,3782116.917808218,44495.49315068492,0.0,44495.49315068492,419.7688033083485,81.39330116007008,678.9506849315067,293.56438356164387,361.98630136986304,406.6068493150686,463.09726027397267
benito juarez,2012Q3,111375.63107839416,106.0,3414515.6493150676,44344.35908201386,170.0569556336745,44403.90958904109,418.34301020767816,80.92912860671832,680.317808219178,290.4273972602739,360.92143746664294,405.2407222914072,461.4664561465931
benito juarez,2012Q4,111811.02494059691,106.0,3159095.0657534245,42121.26754337899,926.6233384129184,42141.40821917807,397.3704485224434,73.85390020309269,664.1835616438357,274.36986301369865,344.9346757990868,385.8217168949772,437.30760730593613
benito juarez,2013Q1,112443.9252170107,106.0,2938154.898630137,40248.69724150873,232.56959053978275,40281.090410958896,379.70469095762945,68.33578677017667,606.9972602739728,267.9287671232877,331.02187089510227,369.178307374742,416.8054043910677
benito juarez,2013Q2,113006.64198956045,106.0,3254181.2876712326,41720.272918861956,611.664846443169,42057.642465753415,393.5874803666223,71.17359769084733,631.3698630136988,274.4082191780822,342.6703371970495,383.0404460835968,432.69248331577097
benito juarez,2013Q3,113568.71597966287,106.0,3028495.002739726,42062.43059360731,204.9508850809069,42011.2698630137,396.8153829585595,74.44241844520882,643.1808219178083,276.0602739726029,343.8407819634703,386.9344558599696,437.5009512937595
benito juarez,2013Q4,114102.15068139789,106.0,2923851.3369863015,40052.75804090824,776.9445154797287,39678.82739726027,377.8562079330966,72.04025770705016,636.654794520548,257.2054794520548,326.93749296303247,369.5356727340964,416.97264965284296
benito juarez,2014Q2,114634.71299684592,106.0,2489120.4000000004,40805.2524590164,971.6352474950255,40865.783561643846,384.9552118775132,74.63062958198596,644.6164383561644,254.91232876712328,332.2874578935549,376.72499438580735,425.537334381316
benito juarez,2014Q3,115504.60559118785,106.0,3376160.8136986303,43284.11299613629,432.5626490832291,43200.65753424657,408.34068864279516,76.9647526808514,652.3232876712327,275.31232876712346,354.84740077274324,400.37894274675097,450.3620653319284
benito juarez,2014Q4,116617.26688118812,106.0,3037324.419178082,43390.348845401175,186.79952181999474,43413.899999999994,409.34291363586016,70.74723878245041,633.4027397260273,280.7561643835617,360.1742074363991,402.56694716242663,449.4917221135029
benito juarez,2015Q1,117426.5722208229,106.0,3161805.9287671237,45168.656125244626,1069.9553778509567,45280.14931506849,426.1193974079681,69.09109588827667,644.8328767123288,285.3041095890411,377.5810567514677,419.4018786692759,466.41414872798435
benito juarez,2015Q3,118679.84257731619,106.0,3622197.5780821918,54062.65041913719,553.4649160040551,54210.32876712328,510.02500395412443,77.60625555113268,752.4465753424656,356.7150684931506,456.12895113473724,501.6020036802289,553.9762114087098
benito juarez,2015Q4,119399.07281440291,106.0,4089533.1917808224,53809.64726027398,696.0289183276367,54175.317808219195,507.6381817006979,75.62652721120124,753.5616438356165,366.3863013698631,455.36304073540015,498.76631218457095,549.328622927181
benito juarez,2016Q1,119784.38325604415,106.0,3794312.6958904113,51976.88624507413,349.1150491231446,52069.0,490.3479834440955,73.77491281121262,738.5698630136986,358.30136986301363,439.48069994370434,480.69624695064743,529.4374460499155
benito juarez,2016Q2,120583.81671361078,106.0,3815625.3150684927,52994.796042617956,983.2248540163769,53236.92739726025,499.9509060624336,78.29587273893239,805.6904109589041,358.413698630137,447.2504375951294,488.8027397260274,538.8508276255708
benito juarez,2016Q3,121721.85735067015,106.0,3960269.8246575342,54250.27157065115,185.72542984907412,54285.99178082192,511.7950148174637,83.18963048389688,825.5041095890411,379.2876712328767,457.2495777819479,499.09450178269844,550.7331957215237
benito juarez,2016Q4,122483.28108392272,106.0,3596015.3698630137,52116.16478062339,881.6087142703865,51991.980821917816,491.66193189267346,80.20403296323884,815.6931506849313,356.6630136986301,438.7710045662101,479.42465753424653,529.0673714512607
benito juarez,2017Q1,122833.16755203849,106.0,3576236.0684931506,49669.94539573821,534.3102659551046,49583.39863013699,468.58439052583213,77.18707025370608,783.9890410958906,343.1616438356164,417.60867579908677,456.80991248097416,504.8017884322678
benito juarez,2017Q2,122884.53328838374,106.0,3576307.884931507,53377.729625843385,1324.0593095374693,53574.66849315069,503.5634870362584,85.87591378987103,872.041095890411,355.67945205479447,447.89243508484975,489.89601308525863,542.7619402985074
benito juarez,2017Q3,123307.4364851019,106.0,4368929.049315069,56011.910888654726,377.35835086547627,56082.402739726036,528.414253666554,89.49824285184513,892.8904109589041,388.95616438356166,469.89229012996134,514.413804004215,570.0848788198103
benito juarez,2017Q4,123863.07994313855,106.0,3325154.0547945206,53631.517012814846,723.8755522813171,53566.894520547954,505.95770766806464,85.60844651562402,872.7753424657534,367.55068493150696,449.4177529827663,492.7577993813522,546.9562085726911
benito juarez,2018Q2,125521.52526403256,106.0,3576942.8547945204,54196.103860523035,1651.3857491901701,54219.97808219177,511.28399868417966,88.2892222138562,904.1589041095889,359.4712328767123,453.08723536737233,497.1456621004566,554.3288916562889
benito juarez,2018Q3,125955.56587152946,106.0,4242399.77260274,56565.33030136986,250.60767104885832,56660.975342465754,533.6351915223572,90.71970910050707,909.1890410958902,393.98630136986304,472.75342465753425,519.371799086758,578.0596438356165
benito juarez,2018Q4,125843.37136323057,106.0,4325750.05479452,54756.32980752557,875.9112649177233,54698.50684931506,516.5691491275998,85.51770818949659,878.6109589041098,375.9232876712329,459.05789838737644,503.1208947459684,558.990532339171
benito juarez,2019Q1,125699.19152381616,106.0,3523630.389041096,53388.33922789539,303.16153388518705,53440.60684931508,503.6635776216546,81.48667238515901,816.331506849315,371.7917808219178,448.68464092984647,490.97548775425486,544.6684723951847
benito juarez,2019Q2,125190.74519279067,106.0,3566040.21369863,55719.3783390411,1318.3610511771885,55672.02602739727,525.6545126324631,85.29797544149511,874.0520547945205,377.7534246575343,467.35602525684936,512.9951840753424,568.7907962328768
benito juarez,2019Q3,123185.86558415303,106.0,4431867.583561644,58314.04715212689,400.28571369496836,58416.360273972605,550.1325203030838,87.84008704482126,883.4082191780822,404.1041095890412,489.47959625090124,537.5300648882479,595.6244953136267
benito juarez,2020Q2,111695.25099508083,106.0,4126804.0,55767.62162162162,1115.5972001958498,55871.34520547946,526.1096379398266,83.57852631304154,826.7671232876713,374.3068493150685,466.6628193261755,515.4226767863754,574.2136893743058
benito juarez,2020Q3,111338.34915493034,106.0,4396459.145205479,60225.46774254081,922.001384658462,60598.21643835613,568.16479002397,90.0150158545339,870.9013698630138,399.7726027397261,503.54360105085385,557.0771251641959,621.4226871833365
benito juarez,2020Q4,114566.95766188992,106.0,4045684.3095890414,58633.105936073065,1131.3647204139959,58194.30410958904,553.1425088308778,86.49684974536046,856.9452054794519,391.9561643835617,490.7322215604527,542.8091125670041,605.268115942029
benito juarez,2021Q1,117820.12890602606,106.0,4324404.553424657,56900.059913482335,622.9023811942517,56843.458904109575,536.7930180517202,87.07105815706646,847.0575342465754,382.5726027397261,474.67376532083637,525.8213590483057,587.9656723143474
benito juarez,2021Q2,118013.54198197309,106.0,3954505.843835616,60838.55144362486,1307.242730754248,61350.88767123288,573.9485985247629,96.36545452130801,901.5808219178083,395.59452054794525,505.8817808219178,561.5545626975763,629.576195995785
benito juarez,2021Q3,117827.84283691255,106.0,4725207.257534246,63854.15212884116,613.1511457293782,64075.330136986304,602.3976615928412,98.24894489715612,919.4520547945208,426.75342465753425,532.2181877082562,588.9920770085154,661.1672898926324
benito juarez,2021Q4,118198.7082728397,106.0,4207955.339726027,62805.30357800041,1112.9393225886104,62750.84383561645,592.5028639434,95.0794035363893,914.3917808219179,421.2547945205478,524.5605499897771,578.6464935595992,649.5441627479045
benito juarez,2022Q1,119375.60448609412,106.0,4521785.868493151,61105.214439096635,754.5834788109369,60907.028767123295,576.464287161289,93.45892657669471,884.2027397260274,417.15890410958895,509.5810810810811,562.347760088856,632.9081821547575
benito juarez,2022Q2,121393.11230591273,106.0,4413333.180821918,65870.64448987937,1751.3478200733707,66160.96438356164,621.4211744328243,98.82280915040083,950.572602739726,437.63561643835624,549.2625025557145,606.5642608873441,682.9115416070333
benito juarez,2022Q3,123251.03029465408,106.0,4551228.950684931,68958.01440431713,153.3406231387295,68988.42465753423,650.5473057011052,100.73614077625984,955.5698630136985,482.2301369863013,574.7633769198837,634.4649647156497,715.9145184723952
benito juarez,2023Q1,126545.5275223355,106.0,4965294.271232877,66203.92361643836,469.65124628330005,66027.54520547944,624.565317136211,99.1292924731349,938.3041095890413,461.36712328767135,550.2379543378996,609.6380273972602,687.170301369863
benito juarez,2023Q2,127589.77499089621,106.0,4199768.780821918,68848.66853806422,1071.1037097016567,68992.6191780822,649.5157409251341,103.4730359015155,987.3260273972602,472.5260273972603,572.5408488659331,634.112665618684,714.5798338198967
benito juarez,2023Q4,127589.77499089621,106.0,5459700.380821917,69110.13140280909,1576.4708763389676,69157.45753424657,651.982371724614,105.82439262095454,989.0191780821918,455.0643835616439,573.7513221779088,637.872359979192,719.3723859892491
cuauhtemoc,2012Q1,151987.60340334012,137.0,5268349.873972605,78632.0876712329,0.0,78632.0876712329,573.9568443155684,165.79503982794907,1213.501369863014,331.21095890410965,470.3753424657534,545.5917808219177,631.9561643835616
cuauhtemoc,2012Q2,152782.21490320575,137.0,6683727.452054797,78632.0876712329,0.0,78632.0876712329,573.9568443155684,165.79503982794907,1213.501369863014,331.21095890410965,470.3753424657534,545.5917808219177,631.9561643835616
cuauhtemoc,2012Q3,153696.8236671434,137.0,6078463.194520549,78941.08044831881,422.3425415233278,78632.0876712329,576.2122660461226,168.26227071475145,1250.1013698630136,330.00821917808224,471.1172745063156,546.784522326988,634.198363280555
cuauhtemoc,2012Q4,154297.66114852775,137.0,5763117.9616438355,76841.57282191781,1152.259162614536,76975.28219178079,560.8873928607139,167.02529692623406,1237.3260273972603,318.15068493150676,456.57950684931507,529.5395433789955,616.499397260274
cuauhtemoc,2013Q1,155171.05473778056,137.0,5475268.854794521,75003.6829423907,563.521698825428,74965.52876712331,547.4721382656254,165.0853380304346,1191.3397260273978,313.3369863013699,443.19061737661855,515.0382811033966,601.7832989303809
cuauhtemoc,2013Q2,155947.59606668443,137.0,6113304.399999999,78375.69743589743,1205.4137911130117,78970.76027397261,572.0853827437768,177.03117386500418,1291.2904109589042,321.66575342465745,461.61148577449956,535.7956796628031,625.9259571478749
cuauhtemoc,2013Q3,156723.2503647405,137.0,5722466.353424658,79478.69935312025,456.74193028770463,79572.56301369861,580.1364916286149,187.83853661224052,1320.832876712329,330.36164383561646,466.3147260273972,539.6999619482497,629.4821156773212
cuauhtemoc,2013Q4,157459.3828427041,137.0,5428625.079452055,74364.72711578157,1794.3233559115552,73365.39178082193,542.8082271224932,164.6430449414164,1246.249315068493,310.4958904109588,441.80878213548505,508.1848376806155,589.760968286733
cuauhtemoc,2014Q2,158194.31143971084,137.0,4620269.378082192,75742.12095216707,1580.214408458409,75891.02191780822,552.8621967311465,172.00840581385825,1289.641095890411,314.40000000000003,450.68403323602064,517.0019312822816,596.1094093869301
cuauhtemoc,2014Q3,159394.75113542686,137.0,6118914.071232877,78447.6162978574,422.0446460094767,78491.23698630134,572.610337940565,178.88964856129553,1315.0273972602745,337.482191780822,467.7979627678257,535.6137337548296,615.7837723919915
cuauhtemoc,2014Q4,160930.20825862876,137.0,5192130.547945205,74173.29354207436,1561.7631128864011,73599.38767123286,541.4109017669662,153.82017687884797,1229.3643835616442,322.8794520547947,448.2092367906066,511.88410958904115,586.8976516634052
cuauhtemoc,2015Q1,162047.03838452202,137.0,5178961.380821917,73985.16258317024,1109.1459735926733,74246.8219178082,540.0376830888339,148.86534708278643,1141.9671232876713,322.78630136986305,449.0135029354208,512.5470058708415,586.9415655577299
cuauhtemoc,2015Q3,163776.53406615474,137.0,5550669.82739726,82845.8183193621,434.3283993555783,82779.6,604.7140023311102,167.54498232781086,1254.0164383561646,359.6547945205479,501.9102024125946,574.1528930689021,659.7197301165405
cuauhtemoc,2015Q4,164769.06180184757,137.0,6107626.495890411,80363.50652487382,1361.555921880311,80877.48219178084,586.5949381377652,151.73918611423213,1190.4082191780822,346.97534246575344,489.76831290555157,560.619935111752,644.5381759192503
cuauhtemoc,2016Q1,165300.78485861173,137.0,5702734.9616438355,78119.65700881966,278.49714080355994,78064.58904109593,570.216474516932,143.90194801297307,1077.131506849315,346.73698630137,477.40649277538006,546.6446612872959,627.0485269281291
cuauhtemoc,2016Q2,166403.9919243903,137.0,5889238.2,81794.975,2261.627448094021,82131.9410958904,597.0436131386862,155.95858312819993,1215.2,347.55616438356157,497.2665525114155,570.7832572298325,655.0115677321157
cuauhtemoc,2016Q3,167974.47219396598,137.0,6242335.5589041095,85511.44601238506,364.3452833277784,85564.79726027398,624.1711387765333,163.23147314602957,1226.9287671232878,375.8191780821918,518.2521298555076,596.6878964158378,685.6568962281855
cuauhtemoc,2016Q4,169025.22636821913,137.0,5729687.632876713,83038.95120111178,1095.6491847678037,82688.83013698627,606.1237313949764,150.42432453824458,1184.4602739726026,369.2931506849314,506.84558268810804,581.9449672424062,666.8756005558864
cuauhtemoc,2017Q1,169508.06483362505,137.0,5790354.265753425,80421.58702435312,843.988589325188,80361.75342465754,587.0188833894388,144.54327388508523,1148.7561643835618,357.3835616438356,491.13291476407915,564.4866438356165,647.2124809741248
cuauhtemoc,2017Q2,169578.94883621292,137.0,5825618.920547945,86949.53612758128,2207.2817351218123,87232.61369863013,634.6681469166516,161.35671318909337,1262.6493150684933,372.03561643835616,529.1862604784297,608.1572275608261,699.4720915968104
cuauhtemoc,2017Q3,170162.5493727478,137.0,7093281.22739726,90939.50291534948,981.1458187166178,91233.49452054792,663.7919920828429,164.92269675211668,1287.1068493150683,404.98630136986304,555.9520547945206,636.966736916052,732.4490691956445
cuauhtemoc,2017Q4,170929.3296258855,137.0,5340618.271232877,86139.00437472382,1393.8255361950978,86187.22191780823,628.7518567498089,148.7251660786572,1213.0082191780818,382.6986301369863,531.0901016349977,605.924878479894,695.7991162174105
cuauhtemoc,2018Q2,173217.96112973423,137.0,5735179.824657534,86896.66400996264,2825.9828400076026,86963.55479452056,634.2822190508222,156.0759034623317,1292.8109589041096,376.1095890410959,533.5398090493982,609.8120381901203,698.8077210460773
cuauhtemoc,2018Q3,173816.93113842374,137.0,6863281.747945206,91510.42330593608,292.9131570783511,91483.2712328767,667.9592942039129,174.61525644979776,1343.8986301369862,408.1534246575343,558.5621552511415,637.0519452054793,729.4859543378997
cuauhtemoc,2018Q4,173662.10427556816,137.0,6989481.367123287,88474.4476851049,1586.6956993096264,88102.9808219178,645.7988882124446,174.65536343617282,1347.109589041096,388.29041095890403,537.7173573781862,612.6215710074562,702.4853823478413
cuauhtemoc,2019Q1,173463.1381001106,137.0,5715278.016438356,86595.12146118721,422.56556287225817,86630.86164383561,632.0811785488119,172.66897732530572,1315.6602739726027,384.88219178082187,526.3028227480282,598.2907015359069,684.1943129929432
cuauhtemoc,2019Q2,172761.48922658977,137.0,5883805.24109589,91934.45689212329,2541.9349257164386,91977.63150684931,671.0544298695131,188.15968875144998,1475.2739726027391,392.93424657534257,557.299743150685,633.1462756849315,725.2506849315068
cuauhtemoc,2019Q3,169994.78321829127,137.0,7360177.30958904,96844.43828406632,587.3045347537675,97046.44246575341,706.893710102674,195.34017794030044,1498.9589041095892,418.9808219178082,589.5286950252342,667.3640591204037,764.785976928623
cuauhtemoc,2020Q2,154137.89471203758,137.0,6960666.169863013,94063.05634950017,1952.5670091667519,94164.47945205477,686.5916521861328,172.65028911998755,1393.4794520547948,397.33698630136985,580.8186967789707,657.9408737504629,751.0423176601258
cuauhtemoc,2020Q3,153645.37513068074,137.0,7366227.224657535,100907.22225558266,1136.099184804451,101314.15616438356,736.5490675589976,180.463118969989,1433.4136986301373,421.5150684931508,626.2660536686058,708.6259335710265,806.9240007506099
cuauhtemoc,2020Q4,158100.81001872302,137.0,6692531.950684932,96993.21667659322,2155.25121450977,95994.64931506853,707.9796837707535,165.43315725377076,1389.572602739726,405.5424657534246,606.0332737740719,684.7928528886241,776.1082787373438
cuauhtemoc,2021Q1,162590.14114284547,137.0,7090395.797260274,93294.68154289834,1021.213390927037,93202.58630136985,680.9830769554624,156.86165955366732,1251.7890410958903,396.3287671232876,582.8472963229993,658.6305335255948,748.2537490987744
cuauhtemoc,2021Q2,162857.04850077393,137.0,6459334.241095891,99374.37293993679,1880.691766119897,100338.03287671233,725.3603864228962,168.40343419569274,1334.1616438356168,408.4219178082191,619.873804004215,700.7936354056903,796.9463435194943
cuauhtemoc,2021Q3,162600.78626030756,137.0,7663843.580821918,103565.45379489078,914.4265179022807,103905.597260274,755.9522174809547,173.20571237489787,1353.1835616438354,430.18630136986303,647.186153276564,732.120251758608,830.8472787856349
cuauhtemoc,2021Q4,163112.57540985514,137.0,6811299.487671233,101661.18638315273,1684.3942129568482,101571.60821917809,742.0524553514797,168.02864070561574,1334.5780821917808,420.3095890410959,635.1378859129012,720.0360253526886,817.1582089552239
cuauhtemoc,2022Q1,164736.6758348015,137.0,7390646.065753425,99873.59548315438,1507.689789411233,99560.50547945204,729.0043465923678,166.42226495563563,1303.0602739726032,415.45205479452045,621.8862643465384,708.1133654202148,806.0214735283229
cuauhtemoc,2022Q2,167520.80859909966,137.0,7297955.5726027405,108924.71003884687,3262.0955758415193,109479.21643835618,795.0708761959626,184.84888718654716,1498.5534246575337,432.5232876712329,677.0360253526887,773.0518912287876,880.988468615825
cuauhtemoc,2022Q3,170084.70961351992,137.0,7570039.063013699,114697.56156081361,251.84836789812232,114769.98493150686,837.2084785460848,198.70067502761776,1512.841095890411,464.2383561643835,711.3277293482773,814.2255292652554,930.7649232046492
cuauhtemoc,2023Q1,174631.07002083777,137.0,8389523.402739726,111860.31203652968,1086.0754018990408,111668.07397260274,816.4986280038663,206.92606181307409,1667.0054794520547,448.18904109589045,687.8134429223745,792.4608584474886,910.3968584474886
cuauhtemoc,2023Q2,176072.1170208522,137.0,7112957.887671233,116605.86701100382,1779.2620526731673,116981.54520547944,851.137715408787,234.24046614279868,1927.558904109589,458.5397260273973,713.5387828430272,822.6656186840333,945.6021558499889
cuauhtemoc,2023Q4,176072.1170208522,137.0,9220887.838356165,116720.0992196983,2823.9820300606157,116679.62191780821,851.9715271510825,277.42937818061677,2280.842465753425,451.9520547945205,709.777874111323,818.219438182764,935.1265302583666
miguel hidalgo,2012Q1,107190.54014939343,180.0,5205686.884931506,77696.81917808218,0.0,77696.81917808218,431.64899543378993,183.74390560028417,1008.4191780821918,122.01369863013696,291.88219178082204,414.5109589041096,537.3664383561644
miguel hidalgo,2012Q2,107750.94661658065,180.0,6604229.630136985,77696.81917808218,0.0,77696.81917808218,431.64899543379,183.74390560028417,1008.4191780821918,122.01369863013696,291.88219178082204,414.5109589041096,537.3664383561644
miguel hidalgo,2012Q3,108395.98216708985,180.0,5979305.832876712,77653.32250489236,160.425947693196,77696.81917808218,431.40734724940205,184.1478500021009,1021.0712328767123,118.96164383561644,291.1841932040562,414.32161537093043,537.5377512898061
miguel hidalgo,2012Q4,108819.7278721963,180.0,5625438.11780822,75005.84157077626,1202.3949687421505,75268.44657534247,416.6991198376459,174.86814527604437,1002.523287671233,122.07123287671234,282.66830136986306,400.92266666666666,518.0963561643836
miguel hidalgo,2013Q1,109435.69607288294,180.0,5280267.421917808,72332.43043723024,400.62536872689475,72375.75068493148,401.8468357623903,166.06378655722216,950.0849315068493,123.22191780821917,273.827791330456,386.7127978982923,499.71974103959474
miguel hidalgo,2013Q2,109983.35839947834,180.0,5816580.5589041095,74571.54562697576,943.7791406022308,75138.76027397261,414.2863645943098,171.75773698306728,978.0191780821917,126.2712328767123,280.4522391991571,399.24511766772036,517.872927643133
miguel hidalgo,2013Q3,110530.39514008132,180.0,5372627.906849314,74619.83203957381,523.1825413487177,74552.58219178079,414.5546224420768,171.10429281056818,969.3452054794521,126.35068493150688,278.8719748858448,400.8903919330289,520.3057648401826
miguel hidalgo,2013Q4,111049.55878348081,180.0,5119176.942465753,70125.71154062675,1623.142849436315,69308.20547945202,389.58728633681534,155.58791589970951,935.9890410958903,128.01643835616437,264.5004128354288,377.2793394633139,487.4270594858322
miguel hidalgo,2014Q2,111567.87337967409,180.0,4313006.252054794,70705.02052548842,1378.6159489184208,70870.78630136985,392.8056695860468,158.63651863402987,895.6986301369865,126.17534246575342,260.6281271053223,384.1957556703346,497.58002470244776
miguel hidalgo,2014Q3,112414.49360737187,180.0,5739850.22739726,73587.82342817,345.3895527667799,73621.0424657534,408.8212412676112,169.6165654213858,922.6465753424658,125.53698630136988,265.20312609764665,402.2644889357218,521.1983227959255
miguel hidalgo,2014Q4,113497.38770351383,180.0,4983381.7123287665,71191.16731898238,985.8648134827716,70761.71917808216,395.5064851054577,159.55739674621574,905.4246575342465,129.95890410958904,259.5628082191781,389.7390019569472,501.89838551859094
miguel hidalgo,2015Q1,114285.04157638871,180.0,5032560.975342466,71893.72821917808,1365.7177562644558,72225.61780821916,399.409601217656,157.29598036859284,886.8410958904109,135.42739726027403,265.3034050880626,395.3787671232877,505.50340508806255
miguel hidalgo,2015Q3,115504.78300364374,180.0,5572512.646575342,83171.83054590062,685.0087624696458,83358.29589041095,462.0657252550035,205.47195296432048,1261.468493150685,143.56712328767125,305.60582702923733,452.47560826006946,579.1547536291147
miguel hidalgo,2015Q4,116204.7715666572,180.0,6261243.164383562,82384.77847873108,1165.4044235358658,82952.99315068497,457.6932137707282,209.23159789892418,1286.7643835616436,145.18356164383562,309.47580209084356,444.12179163662586,563.9395277577505
miguel hidalgo,2016Q1,116579.77374044099,180.0,5840991.515068495,80013.58239819856,236.3656716442271,80014.78904109591,444.51990221221405,205.13113566122016,1317.0383561643832,146.24931506849313,305.1366391443047,430.1582848564458,542.2395852880464
miguel hidalgo,2016Q2,117357.81983518474,180.0,5965465.126027398,82853.68230593608,1733.8277306959283,83106.19863013699,460.2982350329782,225.98825908315246,1564.1534246575343,140.89589041095888,310.1971175799087,444.55839041095885,561.5703386605784
miguel hidalgo,2016Q3,118465.41430091919,180.0,6209740.021917808,85064.93180709326,314.2461145883443,85179.21917808216,472.5829544838515,239.7474800160123,1593.2794520547945,138.63561643835615,313.8873897541753,457.09303809345084,576.341762056671
miguel hidalgo,2016Q4,119206.46755118675,180.0,5622962.4958904125,81492.2100853683,1444.0985966371381,81287.01369863017,452.73450047426826,216.46013783279264,1509.0986301369862,143.20273972602743,303.59336906889024,440.30127059757797,552.105499305142
miguel hidalgo,2017Q1,119546.99345430543,180.0,5567821.17260274,77330.8496194825,808.8627655917875,77221.22465753424,429.6158312193472,194.28777767206688,1316.0438356164382,141.25753424657532,289.45301560121766,420.3947488584475,526.5577054794521
miguel hidalgo,2017Q2,119596.98499542594,180.0,5520851.706849314,82400.77174401961,1911.3196035536732,82595.5123287671,457.78206524455345,208.83454507187534,1315.3890410958904,135.74246575342465,300.7954406051932,450.74759762829683,568.3305459006339
miguel hidalgo,2017Q3,120008.57419968914,180.0,6672688.2,85547.28461538462,885.2309566711904,85799.57808219182,475.2626923076923,208.19152518946893,1311.3205479452058,139.94246575342464,311.6082016157358,471.41689497716897,593.7642781875659
miguel hidalgo,2017Q4,120549.35244521222,180.0,5024051.309589041,81033.08563853292,1338.4812465138148,81091.43287671232,450.18380910296065,180.86250950506619,1114.731506849315,146.3041095890411,300.3042311091471,450.38981440565624,563.2145271763146
miguel hidalgo,2018Q2,122163.42913046296,180.0,5356045.978082192,81152.21178912412,2537.0149472189437,81134.22191780822,450.8456210506896,180.85214856486084,1060.219178082192,143.98630136986299,297.4022312162723,453.2230178497302,568.3933997509341
miguel hidalgo,2018Q3,122585.857784689,180.0,6402658.654794521,85368.78206392695,253.5462244406795,85323.57534246577,474.2710114662608,194.92328901891852,1081.6164383561643,143.83835616438355,308.51248401826484,476.1349041095891,601.7431506849315
miguel hidalgo,2018Q4,122476.66483284617,180.0,6526636.879452055,82615.65670192474,1403.4547452804863,82353.05479452055,458.97587056624866,189.67363193645298,1083.5506849315068,146.67671232876717,298.4040749089648,458.2097104213629,581.1339257846367
miguel hidalgo,2019Q1,122336.3422582336,180.0,5352168.019178083,81093.45483603157,356.76267027547533,81148.36849315069,450.51919353350866,186.46674820871567,1069.2520547945203,148.71506849315068,293.200601909506,446.65929846409296,570.0260481527604
miguel hidalgo,2019Q2,121841.49846792576,180.0,5468208.5726027405,85440.75894691782,2125.568014092033,85399.58630136987,474.67088303843224,201.10606986132527,1166.158904109589,152.56438356164387,305.23610873287674,469.1304366438356,603.4045055650685
miguel hidalgo,2019Q3,119890.25570323084,180.0,6787771.534246576,89312.78334534969,684.3699790064251,89411.21095890412,496.1821296963871,210.74288142803516,1176.0849315068492,157.2876712328767,317.80433489545777,489.19965753424657,632.9194124008652
miguel hidalgo,2020Q2,108707.05124435529,180.0,6311743.534246575,85293.83154387264,1553.0503377530397,85478.08356164383,473.8546196881813,191.48082316377102,1043.4383561643838,165.72602739726025,309.23141429100343,465.18237689744547,605.4786653091447
miguel hidalgo,2020Q3,108359.69765249891,180.0,6623147.709589042,90728.05081628825,950.961400067211,91036.13150684934,504.04472675715687,207.98691424727795,1080.328767123288,163.39726027397256,325.5008725839745,495.8909363858136,647.3174422968663
miguel hidalgo,2020Q4,111501.93071332504,180.0,6009138.726027398,87088.96704387534,1967.7794085261967,86420.49863013701,483.82759468819626,194.14314819269387,1061.2630136986302,164.38904109589043,316.9960889418305,476.39241612070674,619.0418205280921
miguel hidalgo,2021Q1,114668.06938074742,180.0,6331616.197260275,83310.73943763519,783.701071351322,83205.4698630137,462.8374413201955,182.92448872822126,989.2657534246574,161.73972602739718,306.31355443403027,456.5425018024514,589.6991167988464
miguel hidalgo,2021Q2,114856.30804775418,180.0,5704642.465753425,87763.73024236038,1426.0096754684025,88542.39726027398,487.57627912422436,196.38489345468636,1046.3232876712325,163.00821917808221,321.3373551106428,481.67867228661754,621.7446996838777
miguel hidalgo,2021Q3,114675.5769396875,180.0,6660101.893150684,90001.3769344687,255.67988881075462,90005.03013698629,500.00764963593736,198.68122737905387,1053.2986301369865,163.37534246575336,333.662152906331,494.65920029618667,635.2466216216217
miguel hidalgo,2021Q4,115036.52055715489,180.0,5825406.490410958,86946.36552852177,1790.21280187325,86757.92602739726,483.0353640473432,184.84289469646336,1036.3506849315067,167.06027397260277,328.5698630136986,478.0859333469638,609.4926497648742
miguel hidalgo,2022Q1,116181.93109004467,180.0,6222003.778082192,84081.13213624584,865.0736281562899,83925.8095890411,467.11740075692126,176.31362616884158,990.5890410958904,164.13698630136983,320.7122917437986,462.4840429470567,586.8280081451314
miguel hidalgo,2022Q2,118145.46422149864,180.0,6042681.405479452,90189.27470864853,2456.9473616656283,90631.9726027397,501.0515261591585,193.94470652520025,1097.917808219178,164.4109589041096,340.0214577795952,498.4500511142916,632.2196585565324
miguel hidalgo,2022Q3,119953.6770524883,180.0,6238008.619178083,94515.28210875882,193.79241336923496,94586.6493150685,525.0849006042157,205.38491015230122,1115.3205479452058,165.813698630137,354.3765462847655,524.3521170610211,663.9511207970112
miguel hidalgo,2023Q1,123160.03610323902,180.0,6914694.14520548,92195.92193607306,922.0926383912137,91910.55068493151,512.199566311517,195.03192093020255,1112.808219178082,177.16986301369857,346.983698630137,514.9716894977169,644.0545662100457
miguel hidalgo,2023Q2,124176.34666313579,180.0,5884903.69589041,96473.83108017065,1619.5035381782188,96725.62465753425,535.9657282231703,205.6378123987436,1164.994520547945,181.73972602739727,361.1697282730744,539.1762631933527,675.6705704019763
miguel hidalgo,2023Q4,124176.34666313579,180.0,7821645.426027398,99008.16994971389,2050.7932126386204,99032.89726027398,550.0453886095216,210.28588444068498,1203.0342465753424,201.18356164383562,369.555262701578,552.313455869603,695.206077683371
venustiano carranza,2012Q1,128361.32103294341,133.0,4564561.865753426,68127.78904109591,0.0,68127.78904109591,512.2390153465857,141.44407487181687,879.9041095890412,168.0575342465753,444.81095890410955,513.2136986301371,593.5917808219178
venustiano carranza,2012Q2,129032.41117152557,133.0,5790862.068493152,68127.78904109591,0.0,68127.78904109591,512.2390153465857,141.44407487181687,879.9041095890412,168.0575342465753,444.8109589041095,513.2136986301371,593.5917808219178
venustiano carranza,2012Q3,129804.84514994545,133.0,5259941.495890412,68310.92851805729,275.4620121721964,68127.78904109591,513.6160038951675,142.6072330644317,895.0109589041095,164.24383561643833,445.17313645258844,514.0772460416296,595.3501512186443
venustiano carranza,2012Q4,130312.28319824424,133.0,4989795.698630136,66530.60931506849,1013.7716007060546,66634.78082191778,500.23014522607883,138.12398257962522,885.4301369863016,167.17534246575343,430.4599452054795,498.1132785388128,578.0996529680366
venustiano carranza,2013Q1,131049.90884920396,133.0,4740991.408219178,64945.08778382436,658.0091193775094,64834.84657534246,488.3089307054463,136.11158209957722,882.2876712328767,165.96164383561643,416.5611184087071,483.33518483768063,563.6416588478139
venustiano carranza,2013Q2,131705.73780224202,133.0,5392136.654794521,69129.95711275027,1452.788131993988,69593.55205479453,519.7741136297011,152.8563630983031,976.2958904109588,170.47397260273968,438.2081840533896,511.97860906217073,599.8303477344574
venustiano carranza,2013Q3,132360.8176122653,133.0,5128911.452054795,71234.88127853881,250.79996250576036,71237.14383561643,535.6006111168331,166.0127394150089,1006.7945205479451,175.02739726027397,443.6692541856926,526.6372526636226,617.3758751902586
venustiano carranza,2013Q4,132982.51921957277,133.0,4971494.6767123295,68102.66680427849,1185.7734027296387,67393.07397260272,512.0501263479584,158.534536012955,985.0136986301371,180.67123287671234,421.05483205104144,503.755263651717,586.9774066428973
venustiano carranza,2014Q2,133603.2040877085,133.0,4381592.000000001,71829.37704918034,1739.671858094078,71823.63013698629,540.0705041291754,176.6674037136926,1112.7835616438354,182.18630136986297,441.43422411857176,530.2068717718392,619.1301594430721
venustiano carranza,2014Q3,134617.03693796785,133.0,5940169.575342466,76156.02019669829,576.5398797603082,76130.92465753425,572.6016556142728,189.7100012846971,1144.8520547945204,182.813698630137,470.9912188268352,562.7135581313664,657.7733403582719
venustiano carranza,2014Q4,135913.8091766918,133.0,5211365.063013698,74448.07232876711,768.2998432778697,74183.83287671232,559.7599423215573,181.37112626758386,1129.1534246575345,184.52054794520546,465.0438747553816,549.5213307240705,641.792759295499
venustiano carranza,2015Q1,136857.0294599185,133.0,5356297.356164383,76518.53365949118,1576.1378720689802,76699.76575342464,575.3273207480541,186.80720242646726,1175.6054794520546,189.0356164383561,479.5426614481409,564.5156947162426,659.8522896281801
venustiano carranza,2015Q3,138317.67720647197,133.0,5979001.142465753,89238.8230218769,698.9191494609972,89335.06849315065,670.9685941494505,224.05075407103516,1321.630136986302,203.13150684931506,555.279533837661,666.3308525863831,777.2291555919036
venustiano carranza,2015Q4,139155.91775019097,133.0,6594315.131506849,86767.30436193223,1518.1805778216449,87299.76712328767,652.3857470821971,213.17909650044012,1292.9616438356159,205.13972602739727,538.3122566690699,652.1678803172314,757.8062364816151
venustiano carranza,2016Q1,139604.98512451362,133.0,6098614.756164384,83542.6678926628,352.42499817799893,83588.20547945205,628.140360095209,200.50314974011715,1189.1780821917807,203.73698630136983,518.6328767123288,631.1005441921561,730.5811596922499
venustiano carranza,2016Q2,140536.70003523838,133.0,6208413.060273972,86227.95917047183,1999.2733387232101,86697.05205479452,648.3305200787356,208.29638740697558,1252.1013698630138,200.15890410958903,536.0587519025876,653.9727549467275,757.904414003044
venustiano carranza,2016Q3,141863.05111614816,133.0,6515259.997260274,89250.13694877089,260.5071382670987,89273.79726027399,671.053661268954,218.13765775257738,1282.7561643835613,196.95616438356168,557.9511728279227,677.1224995308689,786.3375117282792
venustiano carranza,2016Q4,142750.46687156393,133.0,5918302.747945205,85772.50359340878,1385.2820734503107,85301.56438356164,644.9060420557051,204.58449468705277,1256.0575342465754,194.91506849315067,541.696287472702,648.2577724836211,753.0825888425651
venustiano carranza,2017Q1,143158.2487029581,133.0,5943181.421917807,82544.1864155251,815.0948808490965,82489.4315068493,620.632980567858,194.00643715387943,1188.13698630137,191.66027397260274,524.4503424657534,621.9318112633181,722.510692541857
venustiano carranza,2017Q2,143218.11387622578,133.0,5959347.893150685,88945.49094254755,2182.5598385479025,89120.0082191781,668.7630897935904,215.25623997256878,1320.0301369863016,190.03013698630136,569.7919443876508,669.8750766714373,778.112942138622
venustiano carranza,2017Q3,143710.9944411384,133.0,7245502.783561644,92891.06132771338,976.6231390593115,93211.05068493151,698.4290325391984,224.76978541499258,1359.9945205479455,196.07397260273973,601.4560941341764,699.3343168247278,808.3138742536003
venustiano carranza,2017Q4,144358.57966539866,133.0,5432848.942465754,87626.59584622184,1561.2397124317938,87696.33424657537,658.8465853099385,204.15023056176128,1307.4301369863017,205.29041095890415,571.3779496243925,658.9960671674769,758.4400353513037
venustiano carranza,2018Q2,146291.44627171019,133.0,5781883.189041096,87604.2907430469,2595.3867526564086,87646.11917808218,658.67887776727,200.3798021417189,1312.646575342466,207.6493150684931,576.9804483188045,661.3902034039021,752.5737235367372
venustiano carranza,2018Q3,146797.30714360293,133.0,6860897.517808219,91478.63357077626,473.39679458658475,91685.90958904108,687.8092749682424,210.2424046588988,1319.93698630137,211.46027397260272,602.9185753424658,690.8811689497717,784.6349223744293
venustiano carranza,2018Q4,146666.54792243938,133.0,6930367.117808219,87726.1660482053,1623.3952333207017,87632.75616438357,659.5952334451526,196.083465856683,1263.9534246575342,217.03287671232874,576.5534940176868,662.5104907230797,753.6492110282643
venustiano carranza,2019Q1,146498.5107894712,133.0,5659788.238356164,85754.36724782066,456.81700339729394,85818.17945205478,644.7696785550427,188.54863902858767,1165.019178082192,216.21369863013695,563.4182233291822,648.1591531755915,737.3775425487754
venustiano carranza,2019Q2,145905.9323535352,133.0,5767178.073972603,90112.15740582193,2069.924563198372,90129.36301369863,677.5350180888867,200.28707489314564,1241.9780821917811,221.5890410958904,590.8219178082192,681.1473886986302,778.0538955479452
venustiano carranza,2019Q3,143569.3073250286,133.0,7107625.073972603,93521.3825522711,695.5203615699883,93777.17397260274,703.1682898667,212.0376926374998,1249.2109589041097,224.67397260273972,608.9321557317953,707.116149963951,813.6553352559481
venustiano carranza,2020Q2,130177.35225397385,133.0,6423983.183561644,86810.58356164383,1250.5706911567438,86877.81643835615,652.7111545988259,191.89779353340373,1135.0438356164386,225.02739726027397,565.779378008145,661.7328767123288,760.9810440577563
venustiano carranza,2020Q3,129761.3942239641,133.0,6687688.046575343,91612.16502158005,929.9886363332514,92000.15890410962,688.8132708389477,203.67547491258821,1171.8027397260275,223.96164383561643,605.8332895477575,704.8152373803716,806.4209795458811
venustiano carranza,2020Q4,133524.237345371,133.0,6024891.4547945205,87317.26746079016,2079.379846458442,86604.37260273976,656.5208079758659,185.04973248584545,1130.1205479452062,222.5780821917809,584.935993647012,676.661703394878,767.5874925550924
venustiano carranza,2021Q1,137315.70757546215,133.0,6349089.005479451,83540.64480894015,932.8487295743003,83357.597260274,628.1251489393998,172.35655927203817,1015.3589041095893,214.82465753424657,562.7580749819754,649.2197548666187,735.0776856524874
venustiano carranza,2021Q2,137541.12451927824,133.0,5791368.550684931,89097.97770284509,1699.8772561527567,89968.7780821918,669.9096067883091,184.9379531677741,1059.0657534246575,215.83835616438355,603.0591359325605,695.6527291886196,787.9891253951529
venustiano carranza,2021Q3,137324.69792276275,133.0,6890992.947945205,93121.52632358385,885.9821871046395,93474.08630136985,700.1618520570214,192.44857556647207,1078.0246575342467,218.2876712328767,628.8343576453165,728.0349500185116,826.5267308404294
venustiano carranza,2021Q4,137756.93009075025,133.0,6161039.657534246,91955.81578409323,1386.399247267371,91916.66027397261,691.3971111585959,187.13727780246978,1073.6219178082195,221.9315068493151,615.5276221631567,716.7705581680636,816.7607442240851
venustiano carranza,2022Q1,139128.56614111317,133.0,6762966.438356165,91391.43835616439,1550.9506147458872,91160.21095890409,687.15367185086,186.00556454612556,1081.5095890410955,222.5150684931507,607.1325064790817,710.1097371343947,812.6045538689375
venustiano carranza,2022Q2,141479.90895825083,133.0,6684394.326027397,99767.07949294623,2813.5836012701116,100068.87123287673,750.1284172401972,208.12158591671346,1209.7671232876712,228.49863013698632,664.1205070537723,777.1178900020445,888.7735023512573
venustiano carranza,2022Q3,143645.25477487853,133.0,6933217.290410959,105048.74682440847,355.94583023787834,105078.59452054795,789.8402016872817,226.10831377510334,1252.054794520548,232.4767123287671,697.0998754669986,818.576297218763,937.7665006226651
venustiano carranza,2023Q1,147484.88915760187,133.0,7683216.780821918,102442.8904109589,715.0843213899607,102225.76712328767,770.2472963229993,225.3299936454778,1281.186301369863,241.36712328767126,675.504292237443,795.1194155251142,912.007196347032
venustiano carranza,2023Q2,148701.92720840615,133.0,6473555.942465753,106123.86790927465,1565.426109914517,106259.18082191779,797.9238188667267,237.00018693005646,1336.7753424657535,243.8164383561644,699.0986750505277,824.3022681338424,945.5189310577139
venustiano carranza,2023Q4,148701.92720840615,133.0,8448883.582191782,106947.8934454656,2579.5472737053656,106865.69726027396,804.1194995899667,236.28247368243296,1366.0136986301366,248.0561643835616,706.101994104387,828.507612276747,950.7349921969827
