fecha,municipio,entidad_federativa,porc_pob,pibe,pib_mun,year_pib,total_pixeles,suma_rad_trend,media_rad_trend,std_rad_trend,max_rad_trend,min_rad_trend,p25_rad_trend,mediana_rad_trend,p75_rad_trend,year_radianza
2012-03-31,azcapotzalco,CDMX,0.04844968174,2633934.6,123174.5839800584,2012,134,52290.68767123288,390.22901247188713,72.11596836142337,608.8657534246576,240.8849315068493,340.9034246575343,381.91780821917814,430.82260273972605,2012
2012-06-30,azcapotzalco,CDMX,0.04844968174,2438708.1,123818.55716425276,2012,134,52290.68767123288,390.22901247188713,72.11596836142337,608.8657534246576,240.8849315068493,340.9034246575343,381.91780821917814,430.82260273972605,2012
2012-09-30,azcapotzalco,CDMX,0.04844968174,2592835.4,124559.77915525668,2012,134,52018.060273972595,388.194479656512,72.28700757636537,612.3945205479453,238.66575342465757,339.1061643835617,379.172602739726,428.0554794520548,2012
2012-12-31,azcapotzalco,CDMX,0.04844968174,2598596.7,125046.71299164821,2012,134,49675.72328767124,370.71435289306885,68.34965862502774,586.4630136986301,229.34794520547945,324.5828767123287,362.8191780821918,408.591095890411,2012
2013-03-31,azcapotzalco,CDMX,0.04844968174,2673066.3,125754.53316643953,2013,134,49423.676712328765,368.8334083009611,67.85587600605955,583.8438356164382,229.36712328767118,322.90205479452055,361.0643835616438,406.1938356164384,2013
2013-06-30,azcapotzalco,CDMX,0.04844968174,2479978.8,126383.86182870697,2013,134,50759.47123287671,378.8020241259456,70.887901090636,607.0356164383562,234.32328767123292,331.4479452054795,370.11506849315066,416.5821917808218,2013
2013-09-30,azcapotzalco,CDMX,0.04844968174,2668439.8,127012.47161882157,2013,134,48763.65479452055,363.9078716008995,67.01592333795163,577.8410958904111,230.67671232876717,319.1698630136986,355.19315068493154,399.4130136986302,2013
2013-12-31,azcapotzalco,CDMX,0.04844968174,2626906.9,127609.05192995889,2013,134,45336.205479452045,338.3298916377018,61.94721743249066,530.5917808219177,216.84657534246574,296.3465753424659,330.5986301369864,371.7643835616438,2013
2014-06-30,azcapotzalco,CDMX,0.04844968174,2503000.3,128204.65658563017,2014,134,48281.71506849315,360.31130648129204,67.80568796312423,557.7205479452057,224.40547945205483,313.77054794520546,352.3438356164384,399.01575342465753,2014
2014-09-30,azcapotzalco,CDMX,0.04844968174,2686402.8,129177.52316686424,2014,134,49486.27397260273,369.30055203434875,68.53535437088954,554.7424657534249,228.06027397260277,321.427397260274,363.3465753424657,411.6109589041096,2014
2014-12-31,azcapotzalco,CDMX,0.04844968174,2666305.5,130421.8963139801,2014,134,49240.5589041096,367.4668574933552,66.24170584132389,542.1260273972603,229.72876712328767,320.4890410958904,363.22054794520557,409.89383561643837,2014
2015-03-31,azcapotzalco,CDMX,0.04844968174,2869792.9,131327.00359281673,2015,134,53588.22739726028,399.91214475567375,71.67633382717909,587.1835616438354,249.34520547945215,349.0171232876712,396.74246575342465,446.68150684931516,2015
2015-09-30,azcapotzalco,CDMX,0.04844968174,2751624.2,132728.63047757713,2015,134,60841.94520547945,454.0443672050705,80.45144205441134,655.9068493150686,278.78904109589047,397.2760273972603,453.8739726027398,509.00342465753414,2015
2015-12-31,azcapotzalco,CDMX,0.04844968174,2705692.6,133532.99996689789,2015,134,57967.66301369864,432.59450010222866,74.21069667232373,620.6520547945205,270.33972602739726,380.3390410958904,433.0712328767124,483.58287671232875,2015
2016-03-31,azcapotzalco,CDMX,0.04844968174,2957233.6,133963.92173185083,2016,134,56772.865753424674,423.6781026374975,74.56524239222094,613.0602739726028,261.9616438356165,371.08561643835617,424.2684931506849,474.88698630137,2016
2016-06-30,azcapotzalco,CDMX,0.04844968174,2632606.6,134857.9885394609,2016,134,60724.265753424654,453.16616233899,80.74307338047223,658.2493150684932,272.98356164383557,397.2335616438356,454.776712328767,509.04657534246587,2016
2016-09-30,azcapotzalco,CDMX,0.04844968174,2777401.3,136130.74532700315,2016,134,61533.89589041096,459.20817828664894,80.27214612434395,670.545205479452,278.04657534246576,403.98287671232873,461.2767123287671,514.3842465753424,2016
2016-12-31,azcapotzalco,CDMX,0.04844968174,2827543.6,136982.30298947557,2016,134,59168.09589041096,441.552954406052,76.67725891563082,648.7972602739724,271.0931506849315,388.69452054794516,443.73150684931494,493.3849315068493,2016
2017-03-31,azcapotzalco,CDMX,0.04844968174,3045539.9,137373.60744966974,2017,134,60593.54520547945,452.19063586178686,80.42142940373424,669.5397260273973,273.3808219178083,396.4767123287672,454.1890410958904,506.6438356164383,2017
2017-06-30,azcapotzalco,CDMX,0.04844968174,2684909.3,137431.05363168783,2017,134,66525.56712328766,496.4594561439377,88.15773302970288,729.0273972602741,295.9041095890411,436.46369863013695,498.9794520547945,556.3924657534249,2017
2017-09-30,azcapotzalco,CDMX,0.04844968174,2789710.7,137904.01821359165,2017,134,67173.18630136986,501.29243508484967,88.3322782684668,733.5315068493151,301.85205479452054,440.76369863013696,502.5246575342466,560.6527397260272,2017
2017-12-31,azcapotzalco,CDMX,0.04844968174,2824719.7,138525.436254073,2017,134,63484.11232876713,473.7620323042322,83.1431218787219,687.594520547945,287.3150684931507,416.83424657534255,473.80958904109593,529.7253424657536,2017
2018-06-30,azcapotzalco,CDMX,0.04844968174,2706598.0,140380.20089972718,2018,134,68070.11506849312,507.9859333469638,89.97248592165757,732.7150684931506,298.77534246575334,447.6068493150684,508.98767123287683,568.4301369863015,2018
2018-09-30,azcapotzalco,CDMX,0.04844968174,2895109.0,140865.62128918534,2018,134,67039.67671232876,500.29609486812507,87.28395939586908,719.4821917808222,292.68493150684924,442.4547945205479,501.3260273972602,558.5760273972602,2018
2018-12-31,azcapotzalco,CDMX,0.04844968174,2898492.7,140740.14569779404,2018,134,63819.041095890396,476.2615007156001,83.00772917594307,689.7808219178082,277.5972602739726,421.8808219178083,477.9657534246575,531.1760273972603,2018
2019-03-31,azcapotzalco,CDMX,0.04844968174,3132839.1,140578.8984951321,2019,134,64166.767123287675,478.8564710693109,82.68899702920409,693.7534246575343,279.52054794520546,425.4369863013699,480.86849315068497,532.8095890410958,2019
2019-06-30,azcapotzalco,CDMX,0.04844968174,2679500.0,140010.26456604345,2019,134,69506.92876712326,518.7084236352483,91.23779213460999,755.2410958904111,296.15890410958906,460.4904109589041,521.0054794520548,577.5712328767121,2019
2019-09-30,azcapotzalco,CDMX,0.04844968174,2895581.9,137768.05629420877,2019,134,68922.89041095892,514.3499284399919,89.3225634462524,750.0164383561643,297.8904109589041,458.1876712328767,515.8397260273974,571.4568493150687,2019
2020-06-30,azcapotzalco,CDMX,0.04844968174,2151114.3,124917.23424530317,2020,134,69625.86027397259,519.5959721938253,93.68254510053555,781.9150684931503,298.16712328767125,459.76369863013696,518.1589041095892,577.4917808219177,2020
2020-09-30,azcapotzalco,CDMX,0.04844968174,2577710.4,124518.08396477226,2020,134,71279.60273972602,531.9373338785525,95.31757460106867,803.6520547945205,303.32602739726025,471.19657534246585,530.3849315068492,590.4280821917811,2020
2020-12-31,azcapotzalco,CDMX,0.04844968174,2650584.1,128128.88067776778,2020,134,66632.26301369861,497.2556941320794,88.29841884465425,753.5506849315069,288.6438356164384,440.1383561643836,494.7465753424657,551.1034246575344,2020
2021-03-31,azcapotzalco,CDMX,0.04844968174,2944607.2,131767.14775468886,2021,134,66638.87671232878,497.3050500920058,89.56858843544408,761.172602739726,284.641095890411,438.78287671232886,494.1849315068494,552.4000000000001,2021
2021-06-30,azcapotzalco,CDMX,0.04844968174,2659692.8,131983.4562037853,2021,134,69747.18904109592,520.5014107544471,94.3410960509714,798.6109589041098,294.0931506849316,459.0965753424657,516.7630136986301,578.467808219178,2021
2021-09-30,azcapotzalco,CDMX,0.04844968174,2669881.7,131775.7748261437,2021,134,71005.80821917807,529.8940911878959,96.24896128538842,810.2246575342465,301.0602739726028,466.9753424657534,525.7657534246573,588.8917808219176,2021
2021-12-31,azcapotzalco,CDMX,0.04844968174,2594129.6,132190.54165034145,2021,134,67366.57808219177,502.73565732978943,91.14423043173936,769.4712328767124,292.2575342465753,441.84315068493163,497.5547945205479,558.6794520547946,2021
2022-03-31,azcapotzalco,CDMX,0.04844968174,2966769.4,133506.75356305728,2022,134,71064.50958904109,530.3321611122469,96.8532089964311,807.7972602739726,305.0054794520548,465.5815068493151,525.0054794520547,590.7116438356163,2022
2022-06-30,azcapotzalco,CDMX,0.04844968174,2706016.8,135763.08491711912,2022,134,78303.79999999999,584.3567164179108,107.25681089345824,888.5780821917807,330.495890410959,513.0732876712327,579.490410958904,652.322602739726,2022
2022-09-30,azcapotzalco,CDMX,0.04844968174,2840890.3,137840.9349111031,2022,134,80282.36712328765,599.1221427111018,109.09010346544656,904.1178082191781,342.4986301369863,526.2760273972602,594.7260273972603,668.4739726027397,2022
2023-03-31,azcapotzalco,CDMX,0.04844968174,3108307.2,141525.41995629907,2023,134,81139.97534246575,605.5222040482519,108.79775255368816,915.2849315068494,351.1315068493151,533.2534246575343,602.9041095890411,674.2061643835618,2023
2023-06-30,azcapotzalco,CDMX,0.04844968174,2859903.6,142693.28076039007,2023,134,84973.87671232875,634.1334083009609,113.94872401941808,960.9452054794523,367.7506849315068,559.0061643835617,630.8136986301369,705.2719178082194,2023
2023-12-31,azcapotzalco,CDMX,0.04844968174,2829452.9,142693.28076039007,2023,134,104308.40821917808,778.4209568595378,104.79848537298734,1088.9068493150685,541.4109589041096,709.8376712328768,775.8835616438356,842.7061643835616,2023
2012-03-31,coyoacan,CDMX,0.07081275429,2633934.6,180028.6655536831,2012,224,86785.04383561641,387.4332314090019,109.57791584703973,851.3342465753426,156.6767123287671,322.3575342465753,368.85616438356163,436.60342465753433,2012
2012-06-30,coyoacan,CDMX,0.07081275429,2438708.1,180969.87947344463,2012,224,86785.04383561641,387.4332314090019,109.57791584703973,851.3342465753426,156.6767123287671,322.3575342465753,368.85616438356163,436.60342465753433,2012
2012-09-30,coyoacan,CDMX,0.07081275429,2592835.4,182053.22963877648,2012,224,87314.4082191781,389.7964652641879,110.32952578003943,851.9287671232878,156.89315068493153,324.1102739726028,369.60821917808215,440.050684931507,2012
2012-12-31,coyoacan,CDMX,0.07081275429,2598596.7,182764.91906321727,2012,224,82548.1917808219,368.51871330724066,100.2722097852844,773.6246575342465,155.7534246575342,307.627397260274,349.7589041095891,415.6102739726028,2012
2013-03-31,coyoacan,CDMX,0.07081275429,2673066.3,183799.45003058214,2013,224,82812.00273972601,369.6964408023483,99.36124861668387,770.1753424657534,158.6904109589041,308.98356164383574,350.9410958904109,416.7431506849315,2013
2013-06-30,coyoacan,CDMX,0.07081275429,2479978.8,184719.2599102001,2013,224,87638.71232876713,391.2442514677104,106.60790615321136,803.8027397260273,163.39452054794518,324.5527397260274,372.0561643835616,442.80684931506846,2013
2013-09-30,coyoacan,CDMX,0.07081275429,2668439.8,185638.01910557627,2013,224,85755.52054794524,382.8371453033268,104.64427217219331,787.8273972602739,164.1232876712329,317.0863013698629,364.97397260273976,432.5726027397261,2013
2013-12-31,coyoacan,CDMX,0.07081275429,2626906.9,186509.96487425079,2013,224,80004.25753424654,357.16186399217224,94.65353728540461,715.8767123287674,158.62465753424658,297.3034246575342,343.07123287671226,402.60821917808227,2013
2014-06-30,coyoacan,CDMX,0.07081275429,2503000.3,187380.48465108575,2014,224,87824.36438356164,392.0730552837573,102.09099755953257,760.5479452054793,162.06027397260277,327.5267123287672,379.5835616438357,443.5205479452056,2014
2014-09-30,coyoacan,CDMX,0.07081275429,2686402.8,188802.40033143177,2014,224,91243.79178082189,407.33835616438364,105.25618429124243,783.3972602739726,163.41095890410958,341.31301369863013,397.8506849315068,461.5568493150686,2014
2014-12-31,coyoacan,CDMX,0.07081275429,2666305.5,190621.14272038414,2014,224,90001.44657534249,401.7921722113503,100.45827974098638,746.1123287671235,168.39726027397256,338.0356164383562,394.41917808219176,455.6109589041096,2014
2015-03-31,coyoacan,CDMX,0.07081275429,2869792.9,191944.02322321793,2015,224,97843.21643835618,436.8000733855185,110.77876939907385,800.0493150684929,177.80273972602734,367.17397260273975,430.29315068493145,496.8239726027397,2015
2015-09-30,coyoacan,CDMX,0.07081275429,2751624.2,193992.6034539288,2015,224,114937.53698630139,513.1140044031312,138.46982392218905,960.558904109589,189.59178082191784,429.94794520547947,506.2712328767123,584.0020547945206,2015
2015-12-31,coyoacan,CDMX,0.07081275429,2705692.6,195168.24830772396,2015,224,108227.39178082193,483.1579990215264,127.03021090362543,898.4712328767122,189.282191780822,408.2212328767124,475.6589041095891,546.8109589041095,2015
2016-03-31,coyoacan,CDMX,0.07081275429,2957233.6,195798.0719920895,2016,224,104861.47123287673,468.13156800391386,121.47350531111509,867.013698630137,185.31232876712326,396.5041095890411,461.1726027397261,530.0719178082192,2016
2016-06-30,coyoacan,CDMX,0.07081275429,2632606.6,197104.81603853946,2016,224,113454.95342465753,506.49532778864966,130.914431346726,932.0493150684933,186.16712328767122,430.61986301369876,501.14109589041095,573.6294520547945,2016
2016-09-30,coyoacan,CDMX,0.07081275429,2777401.3,198965.04319443318,2016,224,113017.58630136985,504.54279598825826,126.8217636161264,924.8767123287671,187.33972602739726,431.9513698630137,499.9904109589042,569.7780821917806,2016
2016-12-31,coyoacan,CDMX,0.07081275429,2827543.6,200209.65701542847,2016,224,105427.93972602738,470.6604452054795,112.59789447635089,831.1205479452055,184.06575342465754,405.4828767123288,468.5958904109588,531.5205479452055,2016
2017-03-31,coyoacan,CDMX,0.07081275429,3045539.9,200781.57711061108,2017,224,105126.15616438353,469.31319716242666,112.97825098070766,824.7452054794522,180.89315068493153,403.5794520547945,467.8082191780822,531.3773972602739,2017
2017-06-30,coyoacan,CDMX,0.07081275429,2684909.3,200865.53890821335,2017,224,114693.68767123288,512.0253913894325,124.74598483842897,897.7342465753424,185.91232876712328,441.34041095890416,511.2164383561644,578.5753424657535,2017
2017-09-30,coyoacan,CDMX,0.07081275429,2789710.7,201556.81124527345,2017,224,113124.28767123289,505.0191413894324,123.5450927492973,898.6082191780823,187.88767123287667,435.20479452054803,501.9410958904109,568.4910958904107,2017
2017-12-31,coyoacan,CDMX,0.07081275429,2824719.7,202465.0591724347,2017,224,105584.87945205478,471.36106898238745,114.37941728357872,834.0082191780823,184.61095890410962,404.98561643835626,467.65616438356165,530.9650684931507,2017
2018-06-30,coyoacan,CDMX,0.07081275429,2706598.0,205175.93339083134,2018,224,116171.59178082194,518.6231775929549,130.31810378720846,943.8109589041097,190.96712328767126,442.8171232876712,514.9123287671233,585.9157534246575,2018
2018-09-30,coyoacan,CDMX,0.07081275429,2895109.0,205885.41080185998,2018,224,115046.86575342469,513.6020792563601,129.38407172057467,953.9205479452055,194.6493150684932,436.4130136986302,510.05068493150685,580.7109589041095,2018
2018-12-31,coyoacan,CDMX,0.07081275429,2898492.7,205702.01904564034,2018,224,108690.11506849316,485.2237279843445,120.92317483827885,917.9397260273975,194.6082191780822,411.83835616438347,482.64246575342463,549.6664383561645,2018
2019-03-31,coyoacan,CDMX,0.07081275429,3132839.1,205466.3444626095,2019,224,107367.30410958904,479.3183219178083,121.49439384005281,962.7424657534244,196.38904109589043,406.9698630136988,476.6821917808218,542.104794520548,2019
2019-06-30,coyoacan,CDMX,0.07081275429,2679500.0,204635.24437576887,2019,224,117396.50410958905,524.0915362035227,157.73828837758745,1364.5972602739723,200.0986301369863,442.8410958904109,517.9753424657536,590.6116438356164,2019
2019-09-30,coyoacan,CDMX,0.07081275429,2895581.9,201358.0929535471,2019,224,114816.16438356163,512.5721624266145,157.60710160995424,1427.986301369863,203.0219178082192,434.1130136986302,504.7438356164384,575.3130136986302,2019
2020-06-30,coyoacan,CDMX,0.07081275429,2151114.3,182575.67640317435,2020,224,117189.00547945204,523.1652030332681,198.51674734357542,1954.7643835616436,194.95890410958899,437.72945205479454,507.8657534246575,584.8719178082191,2020
2020-09-30,coyoacan,CDMX,0.07081275429,2577710.4,181992.28906759393,2020,224,121969.47397260276,544.5065802348338,207.05179367851068,2003.4136986301367,197.8520547945205,455.5116438356164,528.6356164383561,609.0616438356163,2020
2020-12-31,coyoacan,CDMX,0.07081275429,2650584.1,187269.73261821677,2020,224,112927.68767123284,504.14146281800396,178.04914566486428,1670.980821917808,190.87123287671236,422.1123287671232,491.25205479452063,567.0876712328767,2020
2021-03-31,coyoacan,CDMX,0.07081275429,2944607.2,192587.32611536258,2021,224,114202.4767123288,509.83248532289633,182.35723515658125,1714.12602739726,188.1178082191781,426.82945205479444,497.0328767123287,574.6636986301371,2021
2021-06-30,coyoacan,CDMX,0.07081275429,2659692.8,192903.47673816574,2021,224,122564.2575342466,547.1618639921721,192.55947009076144,1793.312328767123,192.586301369863,460.42808219178073,534.8383561643835,618.2787671232878,2021
2021-09-30,coyoacan,CDMX,0.07081275429,2669881.7,192599.93521142335,2021,224,125808.3589041096,561.6444593933462,179.01481859812512,1601.2849315068497,199.0356164383562,475.31780821917795,552.4315068493149,638.7643835616441,2021
2021-12-31,coyoacan,CDMX,0.07081275429,2594129.6,193206.14726803033,2021,224,116977.69863013698,522.2218688845401,150.58872636599105,1308.2575342465755,196.31780821917803,444.20342465753424,515.8164383561644,595.7479452054793,2021
2022-03-31,coyoacan,CDMX,0.07081275429,2966769.4,195129.88726840616,2022,224,121530.63835616442,542.5474926614479,157.48059142069505,1342.7671232876714,203.5260273972603,459.60616438356175,536.7287671232876,620.2219178082191,2022
2022-06-30,coyoacan,CDMX,0.07081275429,2706016.8,198427.6806085035,2022,224,136388.41917808214,608.8768713307243,182.13263031995965,1541.4082191780826,214.6849315068493,512.7082191780822,602.3561643835618,698.4301369863012,2022
2022-09-30,coyoacan,CDMX,0.07081275429,2840890.3,201464.6103837096,2022,224,139792.64931506847,624.074327299413,185.6243968896707,1558.2876712328768,223.66027397260274,522.5931506849314,616.9986301369864,716.4630136986301,2022
2023-03-31,coyoacan,CDMX,0.07081275429,3108307.2,206849.75482265092,2023,224,137275.3808219178,612.8365215264188,169.68566812538228,1315.7616438356167,231.85479452054793,512.4027397260274,607.4698630136986,705.2267123287671,2023
2023-06-30,coyoacan,CDMX,0.07081275429,2859903.6,208556.6688248691,2023,224,147142.26301369854,656.8851027397261,183.05890138553247,1431.2328767123292,240.48219178082195,551.1904109589042,651.8315068493151,754.7226027397259,2023
2023-12-31,coyoacan,CDMX,0.07081275429,2829452.9,208556.6688248691,2023,224,177614.78356164385,792.9231409001956,155.43615878506847,1325.9726027397267,420.0849315068493,698.9527397260274,789.4835616438357,882.241095890411,2023
2012-03-31,cuajimalpa de morelos,CDMX,0.02054420376,2633934.6,52229.93548067736,2012,272,38501.361643835626,141.54912369057215,133.70532739983062,685.1260273972604,20.39726027397261,33.697260273972596,91.03835616438356,218.2787671232877,2012
2012-06-30,cuajimalpa de morelos,CDMX,0.02054420376,2438708.1,52503.00056257124,2012,272,38501.361643835626,141.54912369057215,133.70532739983062,685.1260273972604,20.39726027397261,33.697260273972596,91.03835616438356,218.2787671232877,2012
2012-09-30,cuajimalpa de morelos,CDMX,0.02054420376,2592835.4,52817.302227054715,2012,272,38143.493150684924,140.23343070104755,134.25872867254932,698.6328767123288,19.7041095890411,32.72876712328767,89.3808219178082,215.67671232876717,2012
2012-12-31,cuajimalpa de morelos,CDMX,0.02054420376,2598596.7,53023.77763810384,2012,272,36363.843835616426,133.69060233682524,123.3788636939411,659.441095890411,21.989041095890418,35.684931506849324,87.56164383561641,202.17465753424653,2012
2013-03-31,cuajimalpa de morelos,CDMX,0.02054420376,2673066.3,53323.915871712634,2013,272,36840.027397260266,135.44127719580987,124.16175381335778,678.8739726027397,23.701369863013696,38.00136986301371,88.41917808219179,203.2178082191781,2013
2013-06-30,cuajimalpa de morelos,CDMX,0.02054420376,2479978.8,53590.7712112175,2013,272,38441.28493150684,141.32825342465753,134.59619278185963,747.3780821917805,22.158904109589045,36.245205479452046,89.87534246575343,214.2883561643836,2013
2013-09-30,cuajimalpa de morelos,CDMX,0.02054420376,2668439.8,53857.32172609907,2013,272,37574.73424657533,138.1424053182917,132.4095619394511,775.6547945205479,22.75616438356165,36.954109589041096,89.28082191780821,205.8561643835617,2013
2013-12-31,cuajimalpa de morelos,CDMX,0.02054420376,2626906.9,54110.29072467745,2013,272,35858.62739726029,131.83318896051568,122.75887032682965,735.3342465753426,23.86027397260274,39.457534246575335,87.386301369863,192.6780821917808,2013
2014-06-30,cuajimalpa de morelos,CDMX,0.02054420376,2503000.3,54362.84601435262,2014,272,38863.164383561656,142.8792808219178,140.89825795725702,826.1260273972606,20.865753424657534,36.647945205479445,90.46575342465754,212.09383561643835,2014
2014-09-30,cuajimalpa de morelos,CDMX,0.02054420376,2686402.8,54775.37234184068,2014,272,39749.10136986302,146.13640209508463,140.5996231828228,807.2054794520548,22.28493150684932,38.685616438356156,93.79726027397261,217.58493150684933,2014
2014-12-31,cuajimalpa de morelos,CDMX,0.02054420376,2666305.5,55303.02607597687,2014,272,38889.16712328767,142.9748791297341,129.77451336814406,717.7232876712328,24.14246575342466,42.21780821917808,95.08767123287672,211.5883561643835,2014
2015-03-31,cuajimalpa de morelos,CDMX,0.02054420376,2869792.9,55686.82030729639,2015,272,41841.320547945215,153.82838436744564,138.03347557772094,743.4191780821917,26.339726027397262,44.903424657534245,101.89452054794518,230.66095890410958,2015
2015-09-30,cuajimalpa de morelos,CDMX,0.02054420376,2751624.2,56281.15462037895,2015,272,47095.27945205479,173.14440975020142,156.01316864030616,794.5013698630136,27.002739726027393,44.304794520547944,113.5958904109589,271.3650684931507,2015
2015-12-31,cuajimalpa de morelos,CDMX,0.02054420376,2705692.6,56622.232829635584,2015,272,45489.34794520548,167.24024979854954,141.69623125885275,715.0246575342467,30.071232876712337,48.969863013698614,114.95068493150687,258.82260273972605,2015
2016-03-31,cuajimalpa de morelos,CDMX,0.02054420376,2957233.6,56804.95734352032,2016,272,45295.38082191781,166.52713537469785,137.78604986401209,685.9205479452054,32.00821917808219,50.501369863013686,115.8986301369863,257.58767123287674,2016
2016-06-30,cuajimalpa de morelos,CDMX,0.02054420376,2632606.6,57184.07006440803,2016,272,49199.3890410959,180.88010676873492,165.39446292001628,870.3013698630136,28.471232876712328,45.721232876712335,120.97260273972604,285.51712328767115,2016
2016-09-30,cuajimalpa de morelos,CDMX,0.02054420376,2777401.3,57723.75936351446,2016,272,49846.008219178075,183.25738315874295,168.0840658768009,881.2054794520546,27.52054794520548,45.16849315068493,123.36712328767123,289.63150684931503,2016
2016-12-31,cuajimalpa de morelos,CDMX,0.02054420376,2827543.6,58084.84685682569,2016,272,47545.673972602744,174.80027195809828,158.1207933772522,825.9424657534248,27.189041095890413,45.29041095890412,119.26712328767124,273.5020547945207,2016
2017-03-31,cuajimalpa de morelos,CDMX,0.02054420376,3045539.9,58250.77237529587,2017,272,47891.95616438357,176.07336825141013,160.38468279052583,836.7369863013697,27.027397260273975,45.31438356164383,119.10136986301372,275.6746575342465,2017
2017-06-30,cuajimalpa de morelos,CDMX,0.02054420376,2684909.3,58275.13138089156,2017,272,52129.791780821906,191.65364625302178,182.91627509423986,934.6931506849317,22.997260273972607,40.804794520547944,125.04246575342466,309.06438356164387,2017
2017-09-30,cuajimalpa de morelos,CDMX,0.02054420376,2789710.7,58475.683384391596,2017,272,51188.95616438358,188.1946917808219,171.48818678082264,822.0082191780823,22.873972602739723,41.8835616438356,125.27260273972605,304.00136986301374,2017
2017-12-31,cuajimalpa de morelos,CDMX,0.02054420376,2824719.7,58739.184369027535,2017,272,47737.87123287671,175.50687953263503,155.17384051248732,740.186301369863,24.301369863013697,43.711643835616435,119.25890410958905,280.1349315068494,2017
2018-06-30,cuajimalpa de morelos,CDMX,0.02054420376,2706598.0,59525.663483826436,2018,272,50757.383561643845,186.60802780016115,174.31476074583637,808.1534246575343,21.83835616438357,38.90684931506849,119.07671232876712,305.3575342465753,2018
2018-09-30,cuajimalpa de morelos,CDMX,0.02054420376,2895109.0,59731.49714531061,2018,272,49680.31780821917,182.6482272360999,169.54229955527606,774.6164383561645,21.449315068493156,38.21643835616439,116.81506849315066,298.763698630137,2018
2018-12-31,cuajimalpa de morelos,CDMX,0.02054420376,2898492.7,59678.291509610426,2018,272,46823.087671232875,172.1437046736503,155.67747541723443,706.7342465753426,23.424660273972606,40.692465753424656,110.92602739726026,277.2643835616439,2018
2019-03-31,cuajimalpa de morelos,CDMX,0.02054420376,3132839.1,59609.91757466912,2019,272,46990.95890410958,172.76087832393233,154.22442896162684,701.2657534246575,25.071235616438354,43.25205479452055,111.89452054794522,276.4410958904109,2019
2019-06-30,cuajimalpa de morelos,CDMX,0.02054420376,2679500.0,59368.79872962205,2019,272,50116.76986301371,184.25283037872688,171.3607266645949,766.386301369863,22.05205753424657,38.9904109589041,114.94931506849316,302.4835616438357,2019
2019-09-30,cuajimalpa de morelos,CDMX,0.02054420376,2895581.9,58418.03121259008,2019,272,48832.48219178081,179.53118452860596,162.4400900670335,715.8356164383563,22.94794794520548,40.820547945205476,115.23013698630137,293.7239726027398,2019
2020-06-30,cuajimalpa de morelos,CDMX,0.02054420376,2151114.3,52968.87453756798,2020,272,47650.27671232878,175.18484085414997,157.9253996444383,678.7041095890412,22.684931506849317,41.07671232876712,110.70136986301371,289.1109589041096,2020
2020-09-30,cuajimalpa de morelos,CDMX,0.02054420376,2577710.4,52799.6221421014,2020,272,48417.2301369863,178.00452256244964,163.4190877829707,696.1150684931507,20.753424657534243,38.484246575342475,110.50547945205477,297.4780821917809,2020
2020-12-31,cuajimalpa de morelos,CDMX,0.02054420376,2650584.1,54330.71462286944,2020,272,44664.90410958903,164.20920628525386,146.48768453132791,628.0821917808221,22.27123287671233,40.02465753424658,103.7917808219178,270.1630136986301,2020
2021-03-31,cuajimalpa de morelos,CDMX,0.02054420376,2944607.2,55873.45541036684,2021,272,44736.4602739726,164.47228041901693,147.8198023462244,652.7452054794521,23.558904109589047,41.05410958904109,102.28082191780817,267.45410958904097,2021
2021-06-30,cuajimalpa de morelos,CDMX,0.02054420376,2659692.8,55965.17706247374,2021,272,47579.75890410959,174.9255842062853,161.91674671960934,708.8657534246574,23.15616438356165,39.79863013698631,105.71232876712327,286.85753424657526,2021
2021-09-30,cuajimalpa de morelos,CDMX,0.02054420376,2669881.7,55877.11356264886,2021,272,48008.843835616426,176.50310233682518,164.7675183087686,718.090410958904,22.86849315068493,39.28561643835616,105.95342465753424,287.6034246575344,2021
2021-12-31,cuajimalpa de morelos,CDMX,0.02054420376,2594129.6,56052.987868592376,2021,272,44667.545205479444,164.21891619661562,148.7388528925866,656.676712328767,25.049315068493147,41.703424657534256,101.25342465753424,260.8671232876712,2021
2022-03-31,cuajimalpa de morelos,CDMX,0.02054420376,2966769.4,56611.1035208537,2022,272,45753.219178082174,168.2103646253021,153.4736322995117,677.4821917808221,25.94794520547945,42.42465753424658,102.26027397260275,266.83013698630145,2022
2022-06-30,cuajimalpa de morelos,CDMX,0.02054420376,2706016.8,57567.85967328169,2022,272,49484.78904109589,181.92937147461726,175.65951874589473,757.8191780821917,22.336986301369862,37.116438356164394,104.6013698630137,295.89041095890406,2022
2022-09-30,cuajimalpa de morelos,CDMX,0.02054420376,2840890.3,58448.934060688414,2022,272,49855.18356164385,183.29111603545525,178.3292223267823,765.1808219178083,21.736986301369868,36.360958904109594,105.10410958904107,296.8732876712329,2022
2023-03-31,cuajimalpa de morelos,CDMX,0.02054420376,3108307.2,60011.27273456014,2023,272,49342.00547945208,181.4044319097502,174.6162576541858,774.490410958904,24.438356164383567,40.93150684931508,105.49589041095894,284.8643835616438,2023
2023-06-30,cuajimalpa de morelos,CDMX,0.02054420376,2859903.6,60506.48280531597,2023,272,52732.27945205479,193.8686744560838,189.70956436137092,838.8547945205482,24.53424657534247,41.41095890410959,111.65068493150683,304.8568493150685,2023
2023-12-31,cuajimalpa de morelos,CDMX,0.02054420376,2829452.9,60506.48280531597,2023,272,98299.35068493152,361.3946716357776,168.90473061264848,924.4082191780823,207.52328767123288,226.336301369863,291.29178082191777,456.49246575342477,2023
2012-03-31,gustavo a. madero,CDMX,0.1354414655,2633934.6,344335.51609563024,2012,360,143356.56438356164,398.2126788432268,121.0662396074606,762.676712328767,77.62739726027401,342.97602739726017,408.2506849315069,468.65821917808216,2012
2012-06-30,gustavo a. madero,CDMX,0.1354414655,2438708.1,346135.7481854518,2012,360,143356.56438356164,398.2126788432268,121.0662396074606,762.676712328767,77.62739726027401,342.97602739726017,408.2506849315069,468.65821917808216,2012
2012-09-30,gustavo a. madero,CDMX,0.1354414655,2592835.4,348207.8400778431,2012,360,142190.61643835617,394.9739345509893,121.08458598818552,773.1123287671234,76.3835616438356,339.9767123287671,404.4698630136986,465.30068493150685,2012
2012-12-31,gustavo a. madero,CDMX,0.1354414655,2598596.7,349569.0674385578,2012,360,135337.56164383562,375.93767123287665,114.47788096387457,740.7808219178082,77.92328767123287,322.61780821917813,383.88493150684934,442.24315068493144,2012
2013-03-31,gustavo a. madero,CDMX,0.1354414655,2673066.3,351547.7842916152,2013,360,134627.0520547945,373.96403348554037,115.17895155379857,744.0602739726031,77.56164383561645,318.7904109589041,380.92465753424653,440.50273972602747,2013
2013-06-30,gustavo a. madero,CDMX,0.1354414655,2479978.8,353307.0775054709,2013,360,140628.35616438356,390.6343226788433,122.27984073631804,784.5287671232877,76.53424657534248,330.31849315068484,397.8287671232878,462.1630136986302,2013
2013-09-30,gustavo a. madero,CDMX,0.1354414655,2668439.8,355064.36110658234,2013,360,136734.19178082197,379.817199391172,117.4943300470796,750.1452054794521,79.68767123287672,319.6897260273972,386.01506849315075,449.1294520547945,2013
2013-12-31,gustavo a. madero,CDMX,0.1354414655,2626906.9,356732.10604787,2013,360,129266.48493150686,359.0735692541857,110.59061769594794,701.9561643835615,80.13150684931509,299.71438356164384,363.92191780821923,425.05890410958904,2013
2014-06-30,gustavo a. madero,CDMX,0.1354414655,2503000.3,358397.1235366463,2014,360,141770.92328767118,393.8081202435312,124.29546796402795,779.5506849315067,75.17808219178083,328.66232876712337,401.28767123287673,469.2472602739727,2014
2014-09-30,gustavo a. madero,CDMX,0.1354414655,2686402.8,361116.77969879465,2014,360,142997.73150684932,397.21592085235926,125.7255254952381,794.0054794520547,76.83835616438357,332.06506849315065,405.8027397260273,474.0116438356165,2014
2014-12-31,gustavo a. madero,CDMX,0.1354414655,2666305.5,364595.43459644023,2014,360,141138.84383561646,392.0523439878236,122.08155211244927,775.5315068493151,82.05479452054793,327.5897260273973,400.9780821917808,468.2424657534246,2014
2015-03-31,gustavo a. madero,CDMX,0.1354414655,2869792.9,367125.6690970136,2015,360,154200.8712328767,428.3357534246576,136.14077340389122,853.4904109589045,81.7780821917808,357.2116438356165,439.19863013698637,513.9123287671233,2015
2015-09-30,gustavo a. madero,CDMX,0.1354414655,2751624.2,371043.9280522508,2015,360,178300.08219178082,495.27800608828,162.6532352834577,987.0493150684932,83.24657534246576,410.96712328767114,509.93424657534257,598.8239726027398,2015
2015-12-31,gustavo a. madero,CDMX,0.1354414655,2705692.6,373292.54927171994,2015,360,172171.24109589038,478.25344748858447,155.20091313728847,935.2986301369865,86.77534246575344,396.09041095890416,490.8150684931508,577.8150684931506,2015
2016-03-31,gustavo a. madero,CDMX,0.1354414655,2957233.6,374497.1944471884,2016,360,170713.0520547945,474.2029223744293,155.40255211822364,921.0575342465753,86.21917808219176,390.1294520547945,485.7246575342465,575.0109589041095,2016
2016-06-30,gustavo a. madero,CDMX,0.1354414655,2632606.6,376996.56522381096,2016,360,181262.53698630133,503.50704718417046,166.40258210580427,972.4547945205479,81.44657534246575,416.3143835616438,518.8027397260273,611.8917808219178,2016
2016-09-30,gustavo a. madero,CDMX,0.1354414655,2777401.3,380554.5668110013,2016,360,179232.8465753425,497.8690182648402,163.13113630324023,944.495890410959,79.572602739726,414.2465753424658,514.2191780821919,604.7301369863013,2016
2016-12-31,gustavo a. madero,CDMX,0.1354414655,2827543.6,382935.1029388125,2016,360,168615.4575342466,468.3762709284626,151.29762162252229,881.6767123287668,78.6191780821918,390.9547945205479,483.8328767123288,567.8472602739724,2016
2017-03-31,gustavo a. madero,CDMX,0.1354414655,3045539.9,384028.9976279416,2017,360,169149.95068493154,469.86097412480984,152.22402024804614,885.0109589041095,76.80547945205477,392.8691780821917,486.89041095890417,570.2815068493151,2017
2017-06-30,gustavo a. madero,CDMX,0.1354414655,2684909.3,384189.58888056665,2017,360,181306.98630136982,503.63051750380515,162.11173249392596,937.9150684931508,74.87397260273971,426.14246575342463,525.821917808219,610.2965753424659,2017
2017-09-30,gustavo a. madero,CDMX,0.1354414655,2789710.7,385511.765080741,2017,360,179373.00821917815,498.25835616438354,158.16646431501132,914.2876712328767,79.10136986301372,422.241095890411,520.3397260273971,602.9890410958906,2017
2017-12-31,gustavo a. madero,CDMX,0.1354414655,2824719.7,387248.94408931735,2017,360,169738.3780821918,471.4954946727548,147.36587045848177,852.1999999999998,82.49041095890412,398.69246575342476,491.61369863013704,570.936301369863,2017
2018-06-30,gustavo a. madero,CDMX,0.1354414655,2706598.0,392433.9532110096,2018,360,182314.66849315068,506.4296347031963,159.91863745551274,898.7945205479454,78.91780821917808,430.11712328767135,530.658904109589,613.6643835616438,2018
2018-09-30,gustavo a. madero,CDMX,0.1354414655,2895109.0,393790.94971894566,2018,360,179946.802739726,499.8522298325723,156.95966191671636,877.0657534246575,78.48219178082194,426.0527397260275,522.678082191781,604.6472602739724,2018
2018-12-31,gustavo a. madero,CDMX,0.1354414655,2898492.7,393440.1817185755,2018,360,172610.8794520548,479.4746651445966,150.2565120016936,842.1890410958902,77.813698630137,409.0232876712329,500.19452054794516,579.0157534246574,2018
2019-03-31,gustavo a. madero,CDMX,0.1354414655,3132839.1,392989.41389819,2019,360,174434.03835616438,484.5389954337899,150.56257326590574,849.112328767123,81.1917808219178,414.23356164383557,505.7109589041097,583.0315068493151,2019
2019-06-30,gustavo a. madero,CDMX,0.1354414655,2679500.0,391399.793287221,2019,360,191285.05205479453,531.3473668188738,166.9506939546177,931.4438356164383,78.66027397260272,457.3643835616439,556.3315068493151,639.7260273972602,2019
2019-09-30,gustavo a. madero,CDMX,0.1354414655,2895581.9,385131.6824681816,2019,360,195135.904109589,542.0441780821918,169.58402258839405,957.090410958904,83.46849315068494,465.7979452054795,566.8328767123286,652.004794520548,2019
2020-06-30,gustavo a. madero,CDMX,0.1354414655,2151114.3,349207.10858710064,2020,360,211888.66849315068,588.5796347031965,187.24916964962958,1036.1095890410957,84.14794520547946,503.00821917808224,617.1041095890411,710.932191780822,2020
2020-09-30,gustavo a. madero,CDMX,0.1354414655,2577710.4,348091.28084565216,2020,360,222031.26849315068,616.7535235920852,196.70407444868172,1080.3780821917808,81.72602739726027,528.3130136986301,647.9767123287673,745.9068493150685,2020
2020-12-31,gustavo a. madero,CDMX,0.1354414655,2650584.1,358185.29139158595,2020,360,207998.69589041098,577.7741552511417,184.09563224199044,1013.4438356164384,87.03561643835616,490.7808219178082,604.4315068493153,699.4726027397259,2020
2021-03-31,gustavo a. madero,CDMX,0.1354414655,2944607.2,368356.09555543994,2021,360,210879.7205479452,585.77700152207,189.0421612541934,1030.835616438356,84.1917808219178,495.9595890410959,612.4260273972602,710.9294520547946,2021
2021-06-30,gustavo a. madero,CDMX,0.1354414655,2659692.8,368960.7875223113,2021,360,222458.02739726027,617.9389649923896,198.52509211897785,1085.6684931506845,85.01643835616437,528.0287671232876,647.131506849315,747.5801369863017,2021
2021-09-30,gustavo a. madero,CDMX,0.1354414655,2669881.7,368380.21260139055,2021,360,225388.6602739726,626.0796118721462,200.01726064985652,1099.4767123287672,87.32876712328769,538.3726027397262,655.7657534246576,754.4075342465753,2021
2021-12-31,gustavo a. madero,CDMX,0.1354414655,2594129.6,369539.69651320635,2021,360,211103.8027397261,586.3994520547946,185.71929611727205,1033.53698630137,93.49315068493152,501.7075342465754,610.9328767123287,705.4753424657536,2021
2022-03-31,gustavo a. madero,CDMX,0.1354414655,2966769.4,373219.17724382196,2022,360,220844.93698630133,613.4581582952816,194.06747941874585,1081.375342465754,90.98356164383563,528.2931506849314,640.445205479452,736.6232876712328,2022
2022-06-30,gustavo a. madero,CDMX,0.1354414655,2706016.8,379526.7692500546,2022,360,241603.50136986305,671.1208371385084,214.29815729840368,1189.6000000000001,86.21369863013696,583.1253424657533,704.268493150685,804.4815068493149,2022
2022-09-30,gustavo a. madero,CDMX,0.1354414655,2840890.3,385335.41521360504,2022,360,241505.7232876713,670.8492313546424,213.74729193896246,1191.1013698630138,87.93150684931507,583.4917808219178,703.6164383561645,803.2363013698629,2022
2023-03-31,gustavo a. madero,CDMX,0.1354414655,3108307.2,395635.4220704544,2023,360,238187.87123287673,661.6329756468797,211.66216166350938,1181.2684931506853,89.26301369863012,573.3760273972603,692.2438356164382,792.9157534246574,2023
2023-06-30,gustavo a. madero,CDMX,0.1354414655,2859903.6,398900.186112764,2023,360,248215.34794520552,689.487077625571,220.6145175693007,1231.4136986301369,91.16712328767125,598.4431506849315,722.9397260273972,826.3636986301372,2023
2023-12-31,gustavo a. madero,CDMX,0.1354414655,2829452.9,398900.186112764,2023,360,266194.3534246575,817.4553120243529,202.40356060718696,1327.1726027397258,277.0602739726028,726.8130136986301,845.013698630137,945.1123287671236,2023
2012-03-31,iztacalco,CDMX,0.04511440973,2633934.6,114695.25599403142,2012,79,42630.29315068494,539.6239639327208,105.33555338939045,799.5095890410959,312.0657534246575,466.5013698630137,533.6383561643837,604.9534246575341,2012
2012-06-30,iztacalco,CDMX,0.04511440973,2438708.1,115294.89811846855,2012,79,42630.29315068494,539.6239639327208,105.33555338939045,799.5095890410959,312.0657534246575,466.5013698630137,533.6383561643837,604.9534246575341,2012
2012-09-30,iztacalco,CDMX,0.04511440973,2592835.4,115985.09445004587,2012,79,42548.85753424656,538.5931333448934,104.84771624320396,806.2767123287672,314.3945205479452,466.63972602739733,532.2986301369863,602.7205479452055,2012
2012-12-31,iztacalco,CDMX,0.04511440973,2598596.7,116438.50780215528,2012,79,39817.31506849315,504.0166464366221,96.66330448372372,751.3863013698628,295.81095890410967,438.4452054794521,498.73698630136994,563.8616438356164,2012
2013-03-31,iztacalco,CDMX,0.04511440973,2673066.3,117097.60169573464,2013,79,39996.20821917807,506.28111669845686,102.41259150698345,782.2328767123288,294.8219178082192,438.98219178082195,498.682191780822,564.772602739726,2013
2013-06-30,iztacalco,CDMX,0.04511440973,2479978.8,117683.60742590076,2013,79,41947.827397260284,530.9851569273451,119.00632037275987,873.3150684931506,299.8328767123288,454.59726027397267,517.372602739726,590.708219178082,2013
2013-09-30,iztacalco,CDMX,0.04511440973,2668439.8,118268.94377101252,2013,79,40807.136986301375,516.5460378012831,125.33544288774341,901.9780821917809,291.7123287671232,437.86164383561646,497.90136986301377,571.168493150685,2013
2013-12-31,iztacalco,CDMX,0.04511440973,2626906.9,118824.45554378192,2013,79,38279.59726027397,484.55186405410086,123.54413252733518,871.1342465753424,272.2630136986301,407.3931506849315,464.00547945205494,534.5986301369862,2013
2014-06-30,iztacalco,CDMX,0.04511440973,2503000.3,119379.05882512535,2014,79,41778.263013698626,528.8387723252991,142.40419315816433,972.1890410958904,289.16438356164394,439.8246575342466,501.43561643835613,585.5178082191782,2014
2014-09-30,iztacalco,CDMX,0.04511440973,2686402.8,120284.95335285315,2014,79,41924.75616438356,530.6931160048553,138.75322606530557,950.4986301369863,293.47671232876706,443.84657534246577,505.05479452054783,588.0260273972603,2014
2014-12-31,iztacalco,CDMX,0.04511440973,2666305.5,121443.66395733676,2014,79,40594.835616438344,513.8586786890932,128.5320247522829,898.2849315068491,294.2191780821918,432.413698630137,491.13698630136986,568.817808219178,2014
2015-03-31,iztacalco,CDMX,0.04511440973,2869792.9,122286.46372733667,2015,79,43309.2109589041,548.2178602392926,137.31284100085202,954.6657534246579,316.70684931506855,460.4150684931508,523.4520547945206,609.213698630137,2015
2015-09-30,iztacalco,CDMX,0.04511440973,2751624.2,123591.60273541108,2015,79,47979.079452054786,607.3301196462634,153.68457210053836,1066.580821917808,348.5835616438357,507.0410958904109,579.5397260273973,677.5712328767122,2015
2015-12-31,iztacalco,CDMX,0.04511440973,2705692.6,124340.5994968401,2015,79,45101.767123287675,570.9084445985782,139.11313036782545,991.1342465753423,340.96712328767126,478.02328767123294,545.5671232876712,638.3260273972604,2015
2016-03-31,iztacalco,CDMX,0.04511440973,2957233.6,124741.8566437908,2016,79,44078.77534246575,557.9591815501994,133.72164350460145,958.8876712328766,337.06027397260283,467.33835616438364,534.0383561643836,624.4479452054795,2016
2016-06-30,iztacalco,CDMX,0.04511440973,2632606.6,125574.37596767348,2016,79,47118.92602739725,596.4421016126237,145.27266982025674,1036.7287671232875,361.6739726027398,497.54657534246587,569.6273972602742,668.4630136986303,2016
2016-09-30,iztacalco,CDMX,0.04511440973,2777401.3,126759.5162851673,2016,79,47060.1890410959,595.69859545691,148.21017686197658,1049.860273972603,364.9616438356164,494.9232876712329,566.0986301369863,666.017808219178,2016
2016-12-31,iztacalco,CDMX,0.04511440973,2827543.6,127552.452789883,2016,79,44325.608219178095,561.0836483440263,135.33411743174364,977.4821917808221,354.172602739726,468.75753424657546,534.4547945205479,626.0506849315068,2016
2017-03-31,iztacalco,CDMX,0.04511440973,3045539.9,127916.81988399744,2017,79,44518.49589041095,563.5252644355819,138.00802874367088,993.5123287671231,352.0849315068494,470.7438356164385,536.9972602739725,628.1068493150684,2017
2017-06-30,iztacalco,CDMX,0.04511440973,2684909.3,127970.31147568418,2017,79,47914.56986301369,606.5135425697936,149.3299301775632,1077.057534246575,373.55342465753426,508.26986301369874,577.8301369863013,673.3904109589041,2017
2017-09-30,iztacalco,CDMX,0.04511440973,2789710.7,128410.71721560821,2017,79,47812.9808219178,605.2276053407318,148.31361477120555,1090.816438356164,370.6054794520549,512.086301369863,578.2575342465752,665.3178082191779,2017
2017-12-31,iztacalco,CDMX,0.04511440973,2824719.7,128989.35689052567,2017,79,44981.334246575345,569.3839778047509,133.64454746907893,1011.394520547945,350.02191780821926,487.42739726027406,547.1068493150685,623.427397260274,2017
2018-06-30,iztacalco,CDMX,0.04511440973,2706598.0,130716.43969420233,2018,79,48936.857534246585,619.4538928385643,146.7956578799942,1112.0630136986304,378.28767123287673,530.9068493150685,596.4273972602741,675.6589041095892,2018
2018-09-30,iztacalco,CDMX,0.04511440973,2895109.0,131168.44378493782,2018,79,49303.46301369863,624.0944685278306,151.21684160157074,1142.3424657534247,385.3917808219178,533.4739726027398,600.5890410958903,678.0452054794522,2018
2018-12-31,iztacalco,CDMX,0.04511440973,2898492.7,131051.60592268893,2018,79,47470.13972602739,600.8878446332585,140.51574397421325,1082.339726027397,376.8931506849316,515.3191780821919,580.2876712328767,653.7191780821919,2018
2019-03-31,iztacalco,CDMX,0.04511440973,3132839.1,130901.45896387615,2019,79,47484.76164383562,601.0729322004507,136.4366080029728,1066.3808219178084,384.7150684931506,516.2780821917809,581.5972602739727,653.9780821917808,2019
2019-06-30,iztacalco,CDMX,0.04511440973,2679500.0,130371.96974656917,2019,79,51530.79726027397,652.2885729148601,148.6311004521829,1155.1452054794524,418.8520547945204,559.1027397260274,630.2767123287671,711.5465753424658,2019
2019-09-30,iztacalco,CDMX,0.04511440973,2895581.9,128284.11490330339,2019,79,51361.238356164395,650.1422576729668,142.35309352423647,1123.9369863013699,419.8849315068493,560.2232876712329,629.364383561644,712.0849315068494,2019
2020-06-30,iztacalco,CDMX,0.04511440973,2151114.3,116317.94236180249,2020,79,51054.98630136987,646.2656493844286,131.32896641691732,1058.3945205479451,397.345205479452,565.7068493150688,633.241095890411,718.4315068493152,2020
2020-09-30,iztacalco,CDMX,0.04511440973,2577710.4,115946.26955296237,2020,79,52709.84931506848,667.2132824692214,134.50339583560717,1089.9698630136986,395.2219178082191,589.0123287671233,657.6712328767125,744.821917808219,2020
2020-12-31,iztacalco,CDMX,0.04511440973,2650584.1,119308.49932437752,2020,79,49413.794520547934,625.4910698803537,121.17613940252743,995.7972602739727,370.04383561643823,554.6904109589041,620.3972602739726,699.5356164383561,2020
2021-03-31,iztacalco,CDMX,0.04511440973,2944607.2,122696.30840217946,2021,79,50445.9890410959,638.5568233050112,124.16496215184073,1013.72602739726,374.4,564.686301369863,635.3616438356165,717.191780821918,2021
2021-06-30,iztacalco,CDMX,0.04511440973,2659692.8,122897.72619586003,2021,79,53787.08767123288,680.8492110282643,129.86930950668207,1053.0547945205478,395.17808219178073,603.4287671232878,680.4246575342468,764.6273972602739,2021
2021-09-30,iztacalco,CDMX,0.04511440973,2669881.7,122704.34158676199,2021,79,55352.857534246556,700.6690827119819,132.91993321308718,1088.9150684931506,415.4657534246574,619.6890410958904,701.4602739726027,783.7657534246575,2021
2021-12-31,iztacalco,CDMX,0.04511440973,2594129.6,123090.55589771835,2021,79,52291.969863013706,661.9236691520722,121.73323851988519,1016.2821917808219,404.6958904109589,585.0356164383562,663.1150684931508,737.8123287671234,2021
2022-03-31,iztacalco,CDMX,0.04511440973,2966769.4,124316.15989322912,2022,79,54573.88219178083,690.8086353389979,126.86321918774607,1068.153424657534,427.0904109589041,610.4767123287673,690.9561643835615,769.119178082192,2022
2022-06-30,iztacalco,CDMX,0.04511440973,2706016.8,126417.16558693118,2022,79,58968.27671232878,746.4338824345414,140.40411597360355,1173.4273972602743,456.43835616438366,659.1315068493151,745.4054794520549,829.5534246575343,2022
2022-09-30,iztacalco,CDMX,0.04511440973,2840890.3,128351.97656234937,2022,79,59050.20000000001,747.4708860759494,143.06185902428555,1206.1479452054796,463.32328767123283,659.9479452054795,742.767123287671,827.6438356164382,2022
2023-03-31,iztacalco,CDMX,0.04511440973,3108307.2,131782.82196738315,2023,79,58242.91780821918,737.2521241546731,144.39301274674273,1202.8547945205482,465.7424657534246,648.4904109589042,727.331506849315,813.8493150684934,2023
2023-06-30,iztacalco,CDMX,0.04511440973,2859903.6,132870.28733209101,2023,79,60609.90410958905,767.2139760707475,152.18624918618139,1253.276712328767,475.58356164383565,672.9726027397261,755.986301369863,847.0835616438357,2023
2023-12-31,iztacalco,CDMX,0.04511440973,2829452.9,132870.28733209101,2023,79,71336.39452054794,902.9923357031387,137.77093380636316,1320.4328767123286,641.5835616438357,811.4657534246575,890.4246575342465,980.0301369863015,2023
2012-03-31,iztapalapa,CDMX,0.2048287736,2633934.6,520740.241612278,2012,489,214369.30136986298,438.38302938622286,110.83901215808274,895.8849315068495,112.99452054794521,378.42739726027406,433.10958904109583,497.01917808219173,2012
2012-06-30,iztapalapa,CDMX,0.2048287736,2438708.1,523462.74117910006,2012,489,214369.30136986298,438.38302938622286,110.83901215808274,895.8849315068495,112.99452054794521,378.42739726027406,433.10958904109583,497.01917808219173,2012
2012-09-30,iztapalapa,CDMX,0.2048287736,2592835.4,526596.3756206518,2012,489,213492.202739726,436.58937165588145,111.85122588898834,905.1397260273975,110.76164383561643,376.0931506849316,430.0958904109589,495.01095890410966,2012
2012-12-31,iztapalapa,CDMX,0.2048287736,2598596.7,528654.9662439638,2012,489,200682.997260274,410.39467742387313,106.15070534481887,866.1698630136987,110.98904109589041,351.8739726027396,403.17260273972596,465.7945205479453,2012
2013-03-31,iztapalapa,CDMX,0.2048287736,2673066.3,531647.3891686361,2013,489,202913.52602739725,414.95608594559764,111.00608440378,907.4767123287669,111.06849315068493,354.47397260273976,406.46849315068494,469.4328767123288,2013
2013-06-30,iztapalapa,CDMX,0.2048287736,2479978.8,534307.9766782777,2013,489,216937.31780821923,443.63459674482453,124.3172200010309,989.4931506849316,111.52328767123286,376.8191780821918,434.46027397260286,501.7342465753425,2013
2013-09-30,iztapalapa,CDMX,0.2048287736,2668439.8,536965.5250409914,2013,489,211621.69315068494,432.76419867215736,127.21088075854652,991.868493150685,113.06301369863016,364.5013698630137,421.64931506849325,487.19726027397246,2013
2013-12-31,iztapalapa,CDMX,0.2048287736,2626906.9,539487.6636618376,2013,489,200326.6493150685,409.6659495195675,123.60923826158381,945.3095890410959,111.73972602739728,342.386301369863,398.5561643835616,461.61095890410957,2013
2014-06-30,iztapalapa,CDMX,0.2048287736,2503000.3,542005.6775432554,2014,489,228253.104109589,466.7752640277894,143.86541965448274,1081.0630136986301,116.15890410958906,389.1369863013698,454.29041095890403,526.4821917808217,2014
2014-09-30,iztapalapa,CDMX,0.2048287736,2686402.8,546118.626515345,2014,489,231911.39178082193,474.25642490965635,144.55986578691838,1087.1205479452055,122.07671232876712,394.32602739726013,462.2027397260275,536.2904109589042,2014
2014-12-31,iztapalapa,CDMX,0.2048287736,2666305.5,551379.4128914521,2014,489,226695.90410958906,463.59080595008,136.9904177592104,1038.3835616438355,130.26301369863015,385.986301369863,452.5232876712327,525.0273972602741,2014
2015-03-31,iztapalapa,CDMX,0.2048287736,2869792.9,555205.8985822236,2015,489,242725.38356164377,496.3709275289241,146.37800455544576,1105.753424657534,136.60547945205477,412.77808219178087,485.83287671232875,562.6876712328767,2015
2015-09-30,iztapalapa,CDMX,0.2048287736,2751624.2,561131.5002691637,2015,489,266194.3534246575,549.5776003585737,165.01717708962678,1239.7452054794524,137.3972602739726,456.27397260273966,537.6904109589043,622.7890410958905,2015
2015-12-31,iztapalapa,CDMX,0.2048287736,2705692.6,564532.1008531466,2015,489,251825.03287671233,514.9796173347901,152.32862588295046,1147.9068493150685,136.2904109589041,428.1424657534246,502.63013698630147,582.9506849315069,2015
2016-03-31,iztapalapa,CDMX,0.2048287736,2957233.6,566353.8914916593,2016,489,246801.2931506849,504.7061209625459,151.15022274958147,1140.9835616438356,135.68767123287674,417.49315068493144,491.63013698630147,571.6328767123289,2016
2016-06-30,iztapalapa,CDMX,0.2048287736,2632606.6,570133.7018256467,2016,489,266095.5561643836,544.1626915427065,165.2732721762218,1242.3671232876711,130.3917808219178,451.81917808219185,529.4438356164383,614.495890410959,2016
2016-09-30,iztapalapa,CDMX,0.2048287736,2777401.3,575514.4845784076,2016,489,262849.4630136987,537.5244642406926,162.41073962086074,1210.690410958904,130.16164383561642,446.7917808219178,521.7808219178082,604.9808219178084,2016
2016-12-31,iztapalapa,CDMX,0.2048287736,2827543.6,579114.5807067979,2016,489,247909.89315068492,506.97319662716757,151.35374332830352,1136.1589041095892,130.98082191780824,421.64383561643837,492.27671232876713,571.0109589041095,2016
2017-03-31,iztapalapa,CDMX,0.2048287736,3045539.9,580768.8828571379,2017,489,250195.66301369865,511.6475726251506,153.21480906425265,1145.3315068493148,130.2739726027397,425.23835616438356,497.87397260273974,577.090410958904,2017
2017-06-30,iztapalapa,CDMX,0.2048287736,2684909.3,581011.7457736359,2017,489,266194.3534246575,550.6201193377594,162.28762524756314,1214.2876712328764,126.95342465753423,463.12054794520543,537.6739726027396,618.9616438356165,2017
2017-09-30,iztapalapa,CDMX,0.2048287736,2789710.7,583011.2791407997,2017,489,266194.3534246575,545.5844244614394,156.64509596152394,1185.3095890410955,134.5424657534247,461.60821917808227,533.9863013698629,612.3150684931506,2017
2017-12-31,iztapalapa,CDMX,0.2048287736,2824719.7,585638.423232432,2017,489,251897.36438356165,515.1275345267109,143.95917850724214,1096.0082191780818,135.2,437.0027397260274,505.66027397260285,579.6,2017
2018-06-30,iztapalapa,CDMX,0.2048287736,2706598.0,593479.7372316596,2018,489,266194.3534246575,560.5261226433593,155.24175971097628,1165.6575342465756,131.27397260273978,478.1616438356164,552.9945205479453,633.7890410958902,2018
2018-09-30,iztapalapa,CDMX,0.2048287736,2895109.0,595531.9295161563,2018,489,266194.3534246575,560.3034148527888,153.68498711722543,1149.180821917808,132.56986301369867,477.627397260274,553.0054794520546,635.2821917808217,2018
2018-12-31,iztapalapa,CDMX,0.2048287736,2898492.7,595001.4613979274,2018,489,262460.57808219176,536.7291985320895,145.2362227188437,1076.8328767123282,131.64109589041095,456.84657534246577,530.4712328767126,611.6684931506849,2018
2019-03-31,iztapalapa,CDMX,0.2048287736,3132839.1,594319.7630754302,2019,489,261600.76164383566,534.9708827072304,143.48789935960195,1065.7150684931505,135.13972602739727,455.55068493150685,528.4602739726027,609.5123287671233,2019
2019-06-30,iztapalapa,CDMX,0.2048287736,2679500.0,591915.772251556,2019,489,266194.3534246575,588.9923915174944,162.1499062471472,1186.3698630136985,132.77534246575343,499.9397260273972,579.827397260274,672.304109589041,2019
2019-09-30,iztapalapa,CDMX,0.2048287736,2895581.9,582436.4783948847,2019,489,266194.3534246575,596.7622713393283,164.69658909006995,1202.8,142.4767123287671,504.08219178082186,585.9671232876708,681.4575342465753,2019
2020-06-30,iztapalapa,CDMX,0.2048287736,2151114.3,528107.5741483162,2020,489,266194.3534246575,655.3949015323415,190.99972161375504,1357.1890410958904,141.09041095890407,545.2712328767121,641.7890410958903,754.0849315068494,2020
2020-09-30,iztapalapa,CDMX,0.2048287736,2577710.4,526420.1025384513,2020,489,266194.3534246575,714.1294786676756,210.57581495750674,1480.5342465753426,145.07671232876706,592.3890410958904,698.8657534246574,822.8465753424656,2020
2020-12-31,iztapalapa,CDMX,0.2048287736,2650584.1,541685.3227809854,2020,489,266194.3534246575,692.0110205339386,204.45207838072162,1428.901369863014,148.08493150684933,572.0876712328769,678.1452054794522,799.172602739726,2020
2021-03-31,iztapalapa,CDMX,0.2048287736,2944607.2,557066.6783777911,2021,489,266194.3534246575,729.3981511051347,217.65173391566867,1492.7753424657533,146.08767123287674,600.8356164383564,716.5287671232875,845.6082191780822,2021
2021-06-30,iztapalapa,CDMX,0.2048287736,2659692.8,557981.1569204057,2021,489,266194.3534246575,807.704557805978,238.04225856376144,1620.0493150684936,152.7369863013699,668.5041095890413,797.3835616438353,937.5260273972603,2021
2021-09-30,iztapalapa,CDMX,0.2048287736,2669881.7,557103.1507012902,2021,489,266194.3534246575,854.1511667647143,245.62701220861365,1672.4547945205481,162.4465753424657,711.3479452054792,846.2246575342466,989.668493150685,2021
2021-12-31,iztapalapa,CDMX,0.2048287736,2594129.6,558856.6437456057,2021,489,266194.3534246575,802.243802000168,226.04454565724907,1537.3068493150683,169.63835616438357,669.0684931506848,796.9917808219179,930.835616438356,2021
2022-03-31,iztapalapa,CDMX,0.2048287736,2966769.4,564421.1399857681,2022,489,266194.3534246575,834.9863237807098,232.6382590756332,1570.9287671232878,176.46575342465752,697.2575342465753,831.7945205479452,969.9972602739725,2022
2022-06-30,iztapalapa,CDMX,0.2048287736,2706016.8,573960.141429944,2022,489,266194.3534246575,933.3415469087039,259.2544745032932,1741.7068493150684,177.26027397260276,780.6684931506849,933.0027397260274,1085.531506849315,2022
2022-09-30,iztapalapa,CDMX,0.2048287736,2840890.3,582744.5843964934,2022,489,266194.3534246575,954.8391797630055,266.2379476979489,1781.8931506849317,186.27945205479452,794.4328767123288,953.4383561643838,1114.4273972602741,2022
2023-03-31,iztapalapa,CDMX,0.2048287736,3108307.2,598321.3338415152,2023,489,266194.3534246575,961.9631957867606,277.5030267024769,1783.235616438356,192.82739726027393,785.6219178082191,959.1671232876712,1137.5397260273976,2023
2023-06-30,iztapalapa,CDMX,0.2048287736,2859903.6,603258.6520579935,2023,489,266194.3534246575,1035.8213855506065,300.94970857131034,1917.0931506849315,192.3452054794521,845.7643835616439,1034.643835616438,1227.4958904109587,2023
2023-12-31,iztapalapa,CDMX,0.2048287736,2829452.9,603258.6520579935,2023,489,266194.3534246575,1182.0812561279656,287.6251336721301,1967.4273972602741,380.5287671232877,998.139726027397,1185.7561643835616,1370.750684931507,2023
2012-03-31,la magdalena contreras,CDMX,0.02648820794,2633934.6,67341.49485017401,2012,254,35122.12602739725,106.92698738000217,127.2003180121967,498.972602739726,19.23287671232877,27.192465753424656,36.04931506849316,166.23972602739727,2012
2012-06-30,la magdalena contreras,CDMX,0.02648820794,2438708.1,67693.56518372674,2012,254,35122.12602739725,106.92698738000217,127.2003180121967,498.972602739726,19.23287671232877,27.192465753424656,36.04931506849316,166.23972602739727,2012
2012-09-30,la magdalena contreras,CDMX,0.02648820794,2592835.4,68098.80297935918,2012,254,35122.12602739725,105.38128572969475,126.3875279268083,495.34794520547945,18.616438356164387,26.292465753424654,34.86575342465753,162.9267123287671,2012
2012-12-31,la magdalena contreras,CDMX,0.02648820794,2598596.7,68365.01741561858,2012,254,35122.12602739725,100.5514615467587,112.93543048538513,449.42465753424665,21.3013698630137,29.52739726027398,38.364383561643834,149.15890410958906,2012
2013-03-31,la magdalena contreras,CDMX,0.02648820794,2673066.3,68751.9939095946,2013,254,35122.12602739725,100.82206881674036,110.92032371967483,442.81369863013697,22.865753424657537,31.221917808219178,39.976712328767135,147.46095890410965,2013
2013-06-30,la magdalena contreras,CDMX,0.02648820794,2479978.8,69096.05785119484,2013,254,35122.12602739725,102.65578686225868,118.36937010350854,474.59999999999997,21.084931506849315,28.78424657534246,37.26575342465752,150.1287671232877,2013
2013-09-30,la magdalena contreras,CDMX,0.02648820794,2668439.8,69439.72877400978,2013,254,35122.12602739725,98.73816201057059,110.07178190329945,462.95890410958896,21.928767123287674,29.6458904109589,38.23424657534246,144.32739726027395,2013
2013-12-31,la magdalena contreras,CDMX,0.02648820794,2626906.9,69765.88867365816,2013,254,35122.12602739725,93.42160500485386,98.39137947635028,422.1890410958904,22.756164383561647,31.119178082191784,40.25616438356164,133.35753424657534,2013
2014-06-30,la magdalena contreras,CDMX,0.02648820794,2503000.3,70091.51516701918,2014,254,35122.12602739725,99.16519253586452,112.3757126685303,474.5917808219179,19.594520547945205,28.810958904109583,38.20000000000001,143.3739726027397,2014
2014-09-30,la magdalena contreras,CDMX,0.02648820794,2686402.8,70623.39672694138,2014,254,35122.12602739725,102.11476647610827,113.17598306044069,483.95890410958907,21.276712328767125,31.05753424657534,41.2904109589041,145.79931506849317,2014
2014-12-31,la magdalena contreras,CDMX,0.02648820794,2666305.5,71303.71522423594,2014,254,35122.12602739725,102.09123071944774,106.91641763539818,447.9479452054793,23.068493150684926,33.97123287671232,45.67808219178084,141.7041095890411,2014
2015-03-31,la magdalena contreras,CDMX,0.02648820794,2869792.9,71798.55170094367,2015,254,35122.12602739725,111.87815769604141,118.02173105712956,485.8383561643836,25.663013698630138,37.07876712328768,49.12328767123289,154.1623287671233,2015
2015-09-30,la magdalena contreras,CDMX,0.02648820794,2751624.2,72564.8433058517,2015,254,35122.12602739725,128.07250566281954,146.82059818926234,573.0547945205478,26.197260273972606,36.43287671232876,48.38630136986302,173.9445205479453,2015
2015-12-31,la magdalena contreras,CDMX,0.02648820794,2705692.6,73004.60483840537,2015,254,35122.12602739725,126.76778125337071,137.0899497911673,528.0904109589042,29.090410958904105,40.51164383561643,52.87123287671233,170.5027397260274,2015
2016-03-31,la magdalena contreras,CDMX,0.02648820794,2957233.6,73240.19658856792,2016,254,35122.12602739725,127.32317980800345,134.428972046145,517.6849315068494,31.298630136986308,42.91917808219178,54.62054794520548,170.35205479452048,2016
2016-06-30,la magdalena contreras,CDMX,0.02648820794,2632606.6,73728.99706489131,2016,254,35122.12602739725,133.13919749757306,153.54104939549867,566.517808219178,27.60547945205479,38.036301369863004,48.70000000000001,179.8157534246576,2016
2016-09-30,la magdalena contreras,CDMX,0.02648820794,2777401.3,74424.83334770493,2016,254,35122.12602739725,133.54607917161036,155.00170100890267,557.4849315068493,26.591780821917812,37.06301369863013,48.1986301369863,183.24383561643845,2016
2016-12-31,la magdalena contreras,CDMX,0.02648820794,2827543.6,74890.39340148435,2016,254,35122.12602739725,127.080304174307,143.85779405371997,514.4356164383562,26.260273972602743,36.914383561643845,48.03835616438355,173.5294520547945,2016
2017-03-31,la magdalena contreras,CDMX,0.02648820794,3045539.9,75104.32574401436,2017,254,35122.12602739725,127.19470391543528,144.90605596942638,513.4904109589041,26.273972602739725,36.84589041095891,47.41780821917809,171.93698630136987,2017
2017-06-30,la magdalena contreras,CDMX,0.02648820794,2684909.3,75135.73248106624,2017,254,35122.12602739725,134.71435659583645,167.81612383357987,577.13698630137,21.980821917808218,31.305479452054783,41.27397260273972,184.18356164383565,2017
2017-09-30,la magdalena contreras,CDMX,0.02648820794,2789710.7,75394.30970477131,2017,254,35122.12602739725,132.62273756876283,163.30948190252855,564.1616438356164,21.799999999999997,31.324657534246573,41.9027397260274,182.30068493150685,2017
2017-12-31,la magdalena contreras,CDMX,0.02648820794,2824719.7,75734.04878422015,2017,254,35122.12602739725,124.62917700355945,146.777171186687,516.3068493150685,23.282191780821922,32.97191780821917,43.40136986301371,169.96164383561643,2017
2018-06-30,la magdalena contreras,CDMX,0.02648820794,2706598.0,76748.07797593901,2018,254,35122.12602739725,129.68194369539424,163.18475756898383,569.6273972602738,20.531506849315072,28.865753424657527,38.360273972602734,177.56438356164375,2018
2018-09-30,la magdalena contreras,CDMX,0.02648820794,2895109.0,77013.46498680288,2018,254,35122.12602739725,126.27471685902273,157.49923213796927,552.0164383561643,20.060273972602744,28.387671232876723,38.136986301369845,173.78013698630136,2018
2018-12-31,la magdalena contreras,CDMX,0.02648820794,2898492.7,76944.86549477726,2018,254,35122.12602739725,120.67355193614499,143.09303645736014,510.27945205479455,22.17260273972603,31.306849315068497,41.52465753424657,162.64246575342463,2018
2019-03-31,la magdalena contreras,CDMX,0.02648820794,3132839.1,76856.70909662434,2019,254,35122.12602739725,122.1708661417323,142.0105672685018,509.0,24.008219178082193,33.57054794520548,43.665753424657545,163.27602739726026,2019
2019-06-30,la magdalena contreras,CDMX,0.02648820794,2679500.0,76545.82792641834,2019,254,35122.12602739725,128.13599395965915,160.09095394846506,560.5726027397261,21.013698630136986,29.330136986301376,38.73561643835617,171.41849315068495,2019
2019-09-30,la magdalena contreras,CDMX,0.02648820794,2895581.9,75319.97717123969,2019,254,35122.12602739725,127.87652896127707,155.5307213928754,542.1150684931505,22.008219178082193,31.278767123287672,41.3068493150685,170.0020547945206,2019
2020-06-30,la magdalena contreras,CDMX,0.02648820794,2151114.3,68294.22933541192,2020,254,35122.12602739725,129.3749325854816,159.16009458196078,554.3287671232877,21.85753424657534,31.371232876712334,40.91643835616438,169.1472602739726,2020
2020-09-30,la magdalena contreras,CDMX,0.02648820794,2577710.4,68076.00755870863,2020,254,35122.12602739725,132.241095890411,167.46464069397126,576.5424657534245,20.312328767123287,29.489041095890414,38.512328767123286,172.83698630136988,2020
2020-12-31,la magdalena contreras,CDMX,0.02648820794,2650584.1,70050.08727869843,2020,254,35122.12602739725,124.6721173551936,150.45861457955047,529.778082191781,22.098630136986316,31.8,41.416438356164385,162.04657534246576,2020
2021-03-31,la magdalena contreras,CDMX,0.02648820794,2944607.2,72039.1854814876,2021,254,35122.12602739725,125.48405781469098,151.81787913040276,534.7945205479454,22.712328767123292,32.35958904109588,41.50684931506849,159.90821917808222,2021
2021-06-30,la magdalena contreras,CDMX,0.02648820794,2659692.8,72157.44473465653,2021,254,35122.12602739725,133.75536619566387,168.51813341811445,582.3150684931508,22.101369863013698,31.141095890410956,39.9958904109589,169.0054794520548,2021
2021-09-30,la magdalena contreras,CDMX,0.02648820794,2669881.7,72043.90203801393,2021,254,35122.12602739725,136.28650630999897,172.99143158235236,595.5890410958905,21.597260273972605,30.791095890410958,40.03424657534245,170.34452054794525,2021
2021-12-31,la magdalena contreras,CDMX,0.02648820794,2594129.6,72270.66162634148,2021,254,35122.12602739725,129.20471362312594,155.2055594074234,546.1534246575343,23.767123287671232,33.660958904109584,44.004109589041114,159.88356164383558,2021
2022-03-31,la magdalena contreras,CDMX,0.02648820794,2966769.4,72990.25551395907,2022,254,35122.12602739725,132.93797864308056,160.56321225207523,564.254794520548,24.657534246575345,34.373972602739734,44.25479452054795,164.69041095890407,2022
2022-06-30,la magdalena contreras,CDMX,0.02648820794,2706016.8,74223.82758175224,2022,254,36164.45753424656,142.37975407183694,184.936255200974,635.6821917808219,21.517808219178082,29.89246575342466,39.07945205479451,179.20958904109588,2022
2022-09-30,la magdalena contreras,CDMX,0.02648820794,2840890.3,75359.82106472563,2022,254,36435.81095890412,143.4480746413548,187.6064678395339,646.5643835616437,21.079452054794523,29.084931506849323,38.275342465753425,184.5075342465754,2022
2023-03-31,la magdalena contreras,CDMX,0.02648820794,3108307.2,77374.18736237657,2023,254,36000.78356164383,141.73536835292848,177.44203395067996,625.5424657534248,23.539726027397265,32.87260273972603,43.10410958904111,183.83904109589042,2023
2023-06-30,la magdalena contreras,CDMX,0.02648820794,2859903.6,78012.6753505897,2023,254,38267.35342465754,150.6588717506202,192.37176484835385,675.2027397260274,23.3013698630137,32.85342465753424,43.85890410958903,195.6287671232878,2023
2023-12-31,la magdalena contreras,CDMX,0.02648820794,2829452.9,78012.6753505897,2023,254,82501.5315068493,324.80917916082404,172.98310434023125,797.2931506849313,206.3479452054794,217.31369863013703,229.8342465753424,370.1068493150686,2023
2012-03-31,milpa alta,CDMX,0.0139666608,2633934.6,35507.71794255733,2012,1373,82648.49589041097,60.19555418092569,75.92119851933923,535.2356164383563,14.369868493150683,23.517808219178086,30.624657534246577,52.463013698630135,2012
2012-06-30,milpa alta,CDMX,0.0139666608,2438708.1,35693.35703666334,2012,1373,82648.49589041097,60.19555418092569,75.92119851933923,535.2356164383563,14.369868493150683,23.517808219178086,30.624657534246577,52.463013698630135,2012
2012-09-30,milpa alta,CDMX,0.0139666608,2592835.4,35907.03018691038,2012,1373,81029.13424657534,59.016121082720574,75.27674138444226,536.2356164383563,13.561649315068491,22.624657534246573,29.693150684931513,51.64657534246575,2012
2012-12-31,milpa alta,CDMX,0.0139666608,2598596.7,36047.39931794862,2012,1373,79113.20273972602,57.62068662762275,68.44702286243295,490.7506849315068,14.509594520547946,23.928767123287667,31.197260273972606,52.531506849315065,2012
2013-03-31,milpa alta,CDMX,0.0139666608,2673066.3,36251.443677656884,2013,1373,80335.3369863014,58.51080625367908,67.16643463664091,483.4219178082191,15.556172602739728,25.66027397260274,32.71232876712328,53.279452054794525,2013
2013-06-30,milpa alta,CDMX,0.0139666608,2479978.8,36432.86117395284,2013,1373,79240.6630136986,57.71352003911044,70.51105549752805,506.517808219178,14.600010958904111,24.068493150684933,30.356164383561644,50.358904109589055,2013
2013-09-30,milpa alta,CDMX,0.0139666608,2668439.8,36614.07143991918,2013,1373,77998.87945205478,56.80908918576459,65.61324746788318,461.66575342465745,15.019186301369865,24.868493150684937,31.24657534246576,51.632876712328766,2013
2013-12-31,milpa alta,CDMX,0.0139666608,2626906.9,36786.0485210139,2013,1373,75381.76986301373,54.902964211954625,58.41830549740088,409.317808219178,15.145213698630139,25.68493150684932,32.657534246575345,52.58356164383561,2013
2014-06-30,milpa alta,CDMX,0.0139666608,2503000.3,36957.74434847676,2014,1373,75964.10958904111,55.32710093885004,64.62549574467909,474.3260273972603,13.378090410958904,23.780821917808222,30.9945205479452,50.81369863013698,2014
2014-09-30,milpa alta,CDMX,0.0139666608,2686402.8,37238.19402442446,2014,1373,77224.61643835617,56.245168563988464,63.43055412638814,474.7041095890412,14.424660273972606,24.84383561643836,32.43287671232876,52.81917808219177,2014
2014-12-31,milpa alta,CDMX,0.0139666608,2666305.5,37596.91129624602,2014,1373,77366.79726027398,56.3487234233605,57.73500003769494,439.8520547945206,15.73424931506849,26.91506849315069,35.03287671232876,55.52602739726025,2014
2015-03-31,milpa alta,CDMX,0.0139666608,2869792.9,37857.827898731884,2015,1373,83195.64383561641,60.59405960350795,59.85873768979723,456.5972602739726,18.63287945205479,30.345205479452055,38.44383561643834,59.02739726027398,2015
2015-09-30,milpa alta,CDMX,0.0139666608,2751624.2,38261.876936095265,2015,1373,86754.3205479452,63.185958155823165,68.38079172205417,516.5068493150683,19.39178630136987,29.926027397260274,37.126027397260266,58.33150684931507,2015
2015-12-31,milpa alta,CDMX,0.0139666608,2705692.6,38493.75370827925,2015,1373,86716.79178082194,63.15862474932405,61.44005685471795,457.295890410959,20.39726575342466,32.51506849315068,40.054794520547944,61.14520547945206,2015
2016-03-31,milpa alta,CDMX,0.0139666608,2957233.6,38617.97615734987,2016,1373,88259.77808219178,64.28243123247763,60.238977416450055,447.5671232876713,21.054802739726025,33.95890410958905,41.91780821917807,63.27945205479452,2016
2016-06-30,milpa alta,CDMX,0.0139666608,2632606.6,38875.71010700592,2016,1373,86171.96986301367,62.761813447205874,68.69722238707585,498.45753424657534,17.575358904109592,29.145205479452052,36.53972602739724,58.31780821917809,2016
2016-09-30,milpa alta,CDMX,0.0139666608,2777401.3,39242.6095724739,2016,1373,86407.70958904109,62.933510261501155,68.44909244890121,493.8328767123287,17.10686301369863,29.139726027397263,36.86849315068492,59.15616438356164,2016
2016-12-31,milpa alta,CDMX,0.0139666608,2827543.6,39488.0893485273,2016,1373,83382.16438356167,60.72990850951322,61.135978323225544,433.0109589041096,17.197271232876716,29.594520547945205,37.42191780821916,59.19178082191782,2016
2017-03-31,milpa alta,CDMX,0.0139666608,3045539.9,39600.89125906177,2017,1373,84982.58904109587,61.89554919234951,61.869425802828594,438.0821917808219,17.8383698630137,30.3972602739726,38.44109589041097,60.150684931506845,2017
2017-06-30,milpa alta,CDMX,0.0139666608,2684909.3,39617.45135418906,2017,1373,84580.70684931504,61.60284548384201,70.99258565716323,502.6849315068493,15.668512328767122,26.66849315068493,34.05753424657535,56.03287671232877,2017
2017-09-30,milpa alta,CDMX,0.0139666608,2789710.7,39753.79354775214,2017,1373,83932.17808219176,61.13050115236109,70.14625148735969,501.9945205479451,15.7096,26.241095890410957,33.36986301369863,56.71780821917807,2017
2017-12-31,milpa alta,CDMX,0.0139666608,2824719.7,39932.93063750598,2017,1373,81122.5808219178,59.08418122499476,63.86221067945891,452.3561643835617,16.18083561643835,26.671232876712335,33.55616438356165,56.630136986301366,2017
2018-06-30,milpa alta,CDMX,0.0139666608,2706598.0,40467.60636166656,2018,1373,81809.24383561645,59.58429995310739,75.85501598848111,543.9013698630134,13.775367123287669,22.745205479452054,29.049315068493154,52.709589041095896,2018
2018-09-30,milpa alta,CDMX,0.0139666608,2895109.0,40607.539209138056,2018,1373,81775.39999999998,59.55965040058266,76.278083591129,550.6164383561646,13.48495342465753,22.20821917808219,28.542465753424658,53.61917808219178,2018
2018-12-31,milpa alta,CDMX,0.0139666608,2898492.7,40571.368176414966,2018,1373,80516.91506849315,58.64305540312684,70.09055782914801,510.8356164383562,14.197287671232878,23.619178082191787,30.389041095890416,55.36986301369862,2018
2019-03-31,milpa alta,CDMX,0.0139666608,3132839.1,40524.8852088567,2019,1373,83908.02191780823,61.11290744195792,67.8583724194156,500.2109589041094,16.31783561643835,26.961643835616435,34.02465753424658,58.76986301369864,2019
2019-06-30,milpa alta,CDMX,0.0139666608,2679500.0,40360.96427229468,2019,1373,83561.4712328767,60.86050344710614,76.02978928012195,558.5452054794522,14.378112328767124,23.97260273972602,30.257534246575347,54.490410958904114,2019
2019-09-30,milpa alta,CDMX,0.0139666608,2895581.9,39714.59960588214,2019,1373,84450.46301369865,61.50798471500265,71.48441548176747,526.2082191780821,14.717835616438357,25.852054794520544,32.964383561643835,58.52602739726028,2019
2020-06-30,milpa alta,CDMX,0.0139666608,2151114.3,36010.07428987692,2020,1373,85353.30136986301,62.165550888465425,72.58798261513107,533.5260273972603,14.194572602739722,26.515068493150686,34.18630136986301,57.9041095890411,2020
2020-09-30,milpa alta,CDMX,0.0139666608,2577710.4,35895.01065320916,2020,1373,83168.62465753425,60.57438066826967,77.19169955847377,556.2438356164383,12.295953424657533,23.046575342465758,30.046575342465754,54.95342465753425,2020
2020-12-31,milpa alta,CDMX,0.0139666608,2650584.1,36935.9003164023,2020,1373,80637.43287671235,58.73083239381815,70.00269369405245,500.6794520547945,13.358967123287671,24.000000000000007,31.0082191780822,55.353424657534234,2020
2021-03-31,milpa alta,CDMX,0.0139666608,2944607.2,37984.708901685786,2021,1373,81144.96712328767,59.10048588731803,71.36691834683377,516.5671232876712,13.317857534246572,24.084931506849315,31.024657534246572,54.945205479452056,2021
2021-06-30,milpa alta,CDMX,0.0139666608,2659692.8,38047.06445549346,2021,1373,85331.3424657534,62.14955751329455,79.12596712115442,573.3863013698631,14.213753424657535,24.17260273972603,30.88767123287672,55.16986301369863,2021
2021-09-30,milpa alta,CDMX,0.0139666608,2669881.7,37987.19584022448,2021,1373,84571.3397260274,61.59602310708477,80.83194644104726,583.7726027397258,13.695931506849316,23.04931506849316,29.37260273972602,54.169863013698624,2021
2021-12-31,milpa alta,CDMX,0.0139666608,2594129.6,38106.7612808346,2021,1373,83107.31506849313,60.52972692534096,71.140941902773,517.5232876712329,15.479479452054795,25.583561643835612,32.54246575342465,56.78082191780821,2021
2022-03-31,milpa alta,CDMX,0.0139666608,2966769.4,38486.18761895736,2022,1373,87044.19452054794,63.3970826806613,72.16203261541428,526.6520547945207,16.857553424657535,28.09863013698631,35.45479452054794,59.57260273972602,2022
2022-06-30,milpa alta,CDMX,0.0139666608,2706016.8,39136.6235669931,2022,1373,87236.397260274,63.53707010944936,82.21784166632489,594.3287671232878,15.013717808219178,24.5013698630137,31.068493150684933,55.778082191780825,2022
2022-09-30,milpa alta,CDMX,0.0139666608,2840890.3,39735.608431640765,2022,1373,85941.20273972604,62.59373833920324,82.01457117989807,586.2520547945206,14.380827397260273,23.323287671232883,29.728767123287668,55.4958904109589,2022
2023-03-31,milpa alta,CDMX,0.0139666608,3108307.2,40797.74033841114,2023,1373,85613.41917808219,62.35500304303146,74.51953323209027,534.4383561643833,15.550687671232879,25.92876712328767,32.88767123287671,58.03013698630138,2023
2023-06-30,milpa alta,CDMX,0.0139666608,2859903.6,41134.401284914085,2023,1373,88656.3616438356,64.57127577846732,81.8733482846149,587.5835616438358,15.5287698630137,25.26027397260274,31.936986301369863,57.57260273972604,2023
2023-12-31,milpa alta,CDMX,0.0139666608,2829452.9,41134.401284914085,2023,1373,266194.3534246575,244.7715112392621,73.47347407764452,708.4986301369862,196.96164657534246,208.07397260273976,215.70684931506847,241.7205479452054,2023
2012-03-31,alvaro obregon,CDMX,0.08135593396,2633934.6,206832.79972010208,2012,380,96169.47397260276,253.07756308579673,162.1529187656627,769.8000000000003,22.619178082191784,75.68013698630135,266.1726027397259,361.813698630137,2012
2012-06-30,alvaro obregon,CDMX,0.08135593396,2438708.1,207914.14923497563,2012,380,96169.47397260276,253.07756308579673,162.1529187656627,769.8000000000003,22.619178082191784,75.68013698630135,266.1726027397259,361.813698630137,2012
2012-09-30,alvaro obregon,CDMX,0.08135593396,2592835.4,209158.79739744286,2012,380,97096.62191780824,255.5174260994953,164.9425666311727,780.4465753424657,21.810958904109587,73.69657534246575,269.88356164383566,366.0198630136986,2012
2012-12-31,alvaro obregon,CDMX,0.08135593396,2598596.7,209976.44894052108,2012,380,93730.30684931505,246.6587022350397,155.40805053686137,719.2794520547943,24.56986301369863,74.83835616438357,260.8054794520548,351.3006849315069,2012
2013-03-31,alvaro obregon,CDMX,0.08135593396,2673066.3,211165.0093051671,2013,380,94837.74520547946,249.57301369863018,156.20997780644976,720.7205479452055,26.654794520547938,75.75616438356163,263.7520547945205,355.64726027397256,2013
2013-06-30,alvaro obregon,CDMX,0.08135593396,2479978.8,212221.7679720521,2013,380,101578.09589041096,267.3107786589762,170.26851417651798,759.4191780821916,24.980821917808225,72.9917808219178,283.8534246575342,384.94383561643843,2013
2013-09-30,alvaro obregon,CDMX,0.08135593396,2668439.8,213277.31952026693,2013,380,98878.50958904109,260.20660418168706,163.33817144556068,720.4520547945204,25.96438356164384,73.82534246575342,277.64931506849314,376.5828767123289,2013
2013-12-31,alvaro obregon,CDMX,0.08135593396,2626906.9,214279.08767749,2013,380,91998.96438356166,242.10253785147796,148.7615310640011,655.8191780821917,27.043835616438358,73.96506849315068,256.97671232876706,349.0732876712329,2013
2014-06-30,alvaro obregon,CDMX,0.08135593396,2503000.3,215279.21752959295,2014,380,99331.5808219178,261.3988968997837,166.50313473449387,724.364383561644,24.090410958904112,73.42123287671231,274.11917808219187,381.38287671232877,2014
2014-09-30,alvaro obregon,CDMX,0.08135593396,2686402.8,216912.83959876385,2014,380,102423.57260273975,269.53571737563095,172.80926422617583,738.9835616438356,25.934246575342463,78.15342465753426,276.9671232876713,397.013698630137,2014
2014-12-31,alvaro obregon,CDMX,0.08135593396,2666305.5,219002.37116930407,2014,380,102084.66301369864,268.64385003604906,170.14936882508135,720.6986301369864,28.12602739726028,84.46232876712328,272.62602739726026,393.28698630136984,2014
2015-03-31,alvaro obregon,CDMX,0.08135593396,2869792.9,220522.21289703524,2015,380,111207.41095890412,292.65108147080025,186.22300443448066,782.0328767123285,30.904109589041102,91.17602739726027,295.71780821917804,430.082191780822,2015
2015-09-30,alvaro obregon,CDMX,0.08135593396,2751624.2,222875.8024393786,2015,380,127959.16712328768,336.73465032444125,220.21253707733604,895.8904109589043,30.961643835616442,96.18493150684932,338.0712328767123,502.6253424657534,2015
2015-12-31,alvaro obregon,CDMX,0.08135593396,2705692.6,224226.48687532175,2015,380,121059.90958904107,318.57870944484495,200.47591410211697,822.627397260274,34.4027397260274,101.0472602739726,322.52876712328765,468.6424657534247,2015
2016-03-31,alvaro obregon,CDMX,0.08135593396,2957233.6,224950.08384009794,2016,380,116876.79726027396,307.57051910598415,190.13482129289827,786.158904109589,36.72876712328766,100.87328767123289,313.01232876712334,450.10616438356163,2016
2016-06-30,alvaro obregon,CDMX,0.08135593396,2632606.6,226451.38658437796,2016,380,125414.72328767122,330.0387454938717,211.2030023247146,859.6931506849314,32.660273972602745,95.7568493150685,335.90136986301377,490.0986301369863,2016
2016-09-30,alvaro obregon,CDMX,0.08135593396,2777401.3,228588.57951187948,2016,380,125545.26849315072,330.3822855082914,211.1529785269526,853.5178082191779,31.463013698630146,96.12397260273974,337.37671232876716,492.47945205479454,2016
2016-12-31,alvaro obregon,CDMX,0.08135593396,2827543.6,230018.50157665217,2016,380,118494.24657534246,311.8269646719539,196.80329616222795,804.4794520547944,30.96164383561644,94.60616438356168,319.81506849315065,461.70958904109585,2016
2017-03-31,alvaro obregon,CDMX,0.08135593396,3045539.9,230675.57379422933,2017,380,118390.55616438357,311.55409516943047,198.5082457586126,826.2602739726027,30.983561643835625,93.16027397260272,319.06301369863,461.7328767123287,2017
2017-06-30,alvaro obregon,CDMX,0.08135593396,2684909.3,230772.0365081765,2017,380,128916.69041095894,339.2544484498918,223.1303178171773,909.841095890411,26.25479452054795,89.48424657534247,348.09315068493146,510.18150684931516,2017
2017-09-30,alvaro obregon,CDMX,0.08135593396,2789710.7,231566.2311015957,2017,380,128042.57808219179,336.95415284787316,220.4886503430447,915.4657534246575,26.08219178082192,92.70273972602742,345.3,506.34178082191784,2017
2017-12-31,alvaro obregon,CDMX,0.08135593396,2824719.7,232609.70637836336,2017,380,119182.1890410959,313.63733958183116,201.3961728952473,847.4246575342469,28.06849315068494,92.74589041095894,321.91506849315067,466.1486301369863,2017
2018-06-30,alvaro obregon,CDMX,0.08135593396,2706598.0,235724.1976320511,2018,380,126351.90410958906,332.505010814708,219.4822885884374,931.9589041095891,25.005479452054796,86.94315068493148,343.2246575342465,499.0616438356164,2018
2018-09-30,alvaro obregon,CDMX,0.08135593396,2895109.0,236539.30781914218,2018,380,122572.14794520549,322.55828406633015,209.94258588854686,891.8164383561644,24.400000000000002,87.80547945205481,335.3986301369863,481.9301369863013,2018
2018-12-31,alvaro obregon,CDMX,0.08135593396,2898492.7,236328.61120442342,2018,380,114102.90410958904,300.27080028839225,190.65092728713046,818.131506849315,26.797260273972608,87.28013698630133,314.57397260273973,442.7116438356165,2018
2019-03-31,alvaro obregon,CDMX,0.08135593396,3132839.1,236057.8474697636,2019,380,112649.65753424658,296.4464671953858,185.41771163660482,803.1835616438354,28.227397260273975,89.10273972602741,312.9986301369862,434.1630136986302,2019
2019-06-30,alvaro obregon,CDMX,0.08135593396,2679500.0,235103.00643219787,2019,380,120049.92328767123,315.92085075702965,202.8297780021233,856.6794520547944,24.556164383561644,84.09726027397258,333.7328767123288,467.8102739726027,2019
2019-09-30,alvaro obregon,CDMX,0.08135593396,2895581.9,231337.92601192044,2019,380,117746.89315068493,309.86024513338145,195.65781100156272,822.2438356164382,25.969863013698628,86.45958904109591,329.1397260273974,456.22602739726034,2019
2020-06-30,alvaro obregon,CDMX,0.08135593396,2151114.3,209759.03029175883,2020,380,118080.26575342468,310.73754145638065,199.06093280389103,846.5890410958905,26.128767123287677,81.56917808219178,328.63150684931514,459.4719178082192,2020
2020-09-30,alvaro obregon,CDMX,0.08135593396,2577710.4,209088.78349762605,2020,380,122399.6082191781,322.1042321557318,208.64670687065305,873.1945205479452,24.619178082191784,79.7068493150685,340.90273972602756,480.54315068493145,2020
2020-12-31,alvaro obregon,CDMX,0.08135593396,2650584.1,215151.97583193032,2020,380,114218.80547945206,300.5758038932948,191.66000588521143,817.6438356164384,26.309589041095894,80.63561643835618,317.6863013698629,444.67328767123286,2020
2021-03-31,alvaro obregon,CDMX,0.08135593396,2944607.2,221261.29596384073,2021,380,114524.29589041097,301.37972602739717,193.26889733982316,833.2410958904109,27.531506849315072,79.13493150684931,317.6287671232878,446.64520547945204,2021
2021-06-30,alvaro obregon,CDMX,0.08135593396,2659692.8,221624.51766659852,2021,380,122158.27945205479,321.4691564527757,209.09348888229718,885.3808219178081,26.435616438356163,77.70342465753426,339.33561643835606,479.036301369863,2021
2021-09-30,alvaro obregon,CDMX,0.08135593396,2669881.7,221275.78240483147,2021,380,124296.44109589039,327.0958976207642,213.96017657142497,904.0465753424658,25.96712328767124,77.75547945205477,344.4219178082192,487.0157534246575,2021
2021-12-31,alvaro obregon,CDMX,0.08135593396,2594129.6,221972.2522503779,2021,380,116166.5424657534,305.7014275414564,196.622800550242,850.5260273972603,28.410958904109595,80.52739726027399,320.9904109589041,450.67671232876717,2021
2022-03-31,alvaro obregon,CDMX,0.08135593396,2966769.4,224182.41433199725,2022,380,119302.8602739726,313.95489545782266,203.13172051487373,867.6520547945206,28.95890410958905,81.06027397260276,328.6616438356165,463.52876712328776,2022
2022-06-30,alvaro obregon,CDMX,0.08135593396,2706016.8,227971.21000702403,2022,380,131568.03013698632,346.23165825522705,235.10262262221602,1014.6027397260273,24.94520547945205,78.02191780821919,361.46986301369867,515.3130136986302,2022
2022-09-30,alvaro obregon,CDMX,0.08135593396,2840890.3,231460.3026247322,2022,380,133475.29041095893,351.2507642393656,239.37636228204133,1025.8383561643836,24.42739726027397,78.59178082191782,365.00000000000006,524.1691780821916,2022
2023-03-31,alvaro obregon,CDMX,0.08135593396,3108307.2,237647.2312328946,2023,380,132175.1095890411,347.8292357606345,234.92754368074014,1024.2109589041097,27.64109589041096,84.18904109589042,359.11232876712324,515.6363013698631,2023
2023-06-30,alvaro obregon,CDMX,0.08135593396,2859903.6,239608.284495576,2023,380,140133.70684931515,368.7729127613554,250.44567703518678,1098.4027397260274,27.76164383561644,85.56917808219177,380.39863013698636,548.1965753424658,2023
2023-12-31,alvaro obregon,CDMX,0.08135593396,2829452.9,239608.284495576,2023,380,200029.27671232886,526.3928334534968,226.63497604532031,1184.4684931506852,211.41917808219173,271.17054794520556,536.1739726027397,691.7767123287671,2023
2012-03-31,tlahuac,CDMX,0.03948596877,2633934.6,100385.95923900342,2012,356,84431.32602739728,237.16664614437437,154.67645921470063,698.9342465753426,59.61917808219178,100.32534246575345,183.5301369863014,371.6198630136986,2012
2012-06-30,tlahuac,CDMX,0.03948596877,2438708.1,100910.79044793214,2012,356,84431.32602739728,237.16664614437437,154.67645921470063,698.9342465753426,59.61917808219178,100.32534246575345,183.5301369863014,371.6198630136986,2012
2012-09-30,tlahuac,CDMX,0.03948596877,2592835.4,101514.87838695062,2012,356,83368.8219178082,234.18208403878714,153.3623296439572,689.0958904109589,58.86849315068494,98.41164383561645,180.75616438356158,367.76438356164374,2012
2012-12-31,tlahuac,CDMX,0.03948596877,2598596.7,101911.72421887974,2012,356,78462.75616438357,220.40100046175158,138.44895839312758,635.6739726027397,59.427397260273956,98.8445205479452,173.98630136986304,338.7534246575343,2012
2013-03-31,tlahuac,CDMX,0.03948596877,2673066.3,102488.59003745357,2013,356,78440.95616438358,220.3397645066954,138.91978141608882,638.5780821917808,59.51506849315067,98.75616438356163,173.55205479452053,337.845890410959,2013
2013-06-30,tlahuac,CDMX,0.03948596877,2479978.8,103001.48611874695,2013,356,80490.74246575343,226.0975911959366,148.571348618391,672.8739726027397,57.70958904109589,95.7719178082192,174.79589041095892,351.46780821917804,2013
2013-09-30,tlahuac,CDMX,0.03948596877,2668439.8,103513.79632697871,2013,356,77426.25479452053,217.48947975988918,138.61648754653967,633.928767123288,59.104109589041094,97.38219178082193,169.82191780821915,330.9239726027397,2013
2013-12-31,tlahuac,CDMX,0.03948596877,2626906.9,104000.00285483125,2013,356,72326.40273972604,203.16405263967982,124.83031449250343,586.0630136986298,58.03561643835617,96.61575342465754,160.9958904109589,300.7815068493151,2013
2014-06-30,tlahuac,CDMX,0.03948596877,2503000.3,104485.41423398764,2014,356,76361.26849315067,214.49794520547945,138.93013188522582,634.186301369863,56.24109589041096,94.94520547945201,166.36027397260273,323.9623287671234,2014
2014-09-30,tlahuac,CDMX,0.03948596877,2686402.8,105278.29001901619,2014,356,76956.44657534247,216.169793750962,136.37075351862168,614.2602739726029,57.75890410958904,99.6027397260274,168.7986301369863,322.5719178082191,2014
2014-12-31,tlahuac,CDMX,0.03948596877,2666305.5,106292.44073086034,2014,356,75193.08767123289,211.21653840233958,125.74401549387235,566.5260273972606,60.35342465753424,104.81643835616438,168.59589041095893,308.4438356164383,2014
2015-03-31,tlahuac,CDMX,0.03948596877,2869792.9,107030.09341426562,2015,356,79238.82739726025,222.58097583500074,133.66933313879815,589.0547945205482,63.583561643835615,108.71643835616439,176.47260273972606,327.89589041095877,2015
2015-09-30,tlahuac,CDMX,0.03948596877,2751624.2,108172.40422852118,2015,356,87013.3698630137,244.41957826689236,156.56439753076796,645.0520547945207,63.25479452054793,109.39246575342464,187.3369863013699,374.3657534246575,2015
2015-12-31,tlahuac,CDMX,0.03948596877,2705692.6,108827.95669851062,2015,356,82576.39726027398,231.9561720794212,141.1072519779101,591.9232876712327,65.32054794520549,110.877397260274,181.958904109589,348.745205479452,2015
2016-03-31,tlahuac,CDMX,0.03948596877,2957233.6,109179.15329551938,2016,356,81222.41369863016,228.1528474680622,135.74286492678888,577.0356164383561,65.92328767123288,111.73287671232877,181.43287671232875,339.99178082191787,2016
2016-06-30,tlahuac,CDMX,0.03948596877,2632606.6,109907.80811379116,2016,356,85264.63835616439,239.50741111282127,153.53349495456183,625.5068493150686,60.50410958904111,105.12054794520547,185.37260273972598,371.1849315068493,2016
2016-09-30,tlahuac,CDMX,0.03948596877,2777401.3,110945.0911868646,2016,356,84239.98082191785,236.62915961212872,149.47026489466776,609.8986301369862,61.813698630136976,105.5472602739726,183.72602739726022,365.9034246575343,2016
2016-12-31,tlahuac,CDMX,0.03948596877,2827543.6,111639.10150971221,2016,356,80116.3561643836,225.0459442819763,135.38410882079512,568.1972602739723,61.723287671232875,106.86986301369865,180.13287671232877,339.9753424657534,2016
2017-03-31,tlahuac,CDMX,0.03948596877,3045539.9,111958.01043005774,2017,356,80982.05479452053,227.47768200708018,138.5353019378161,582.7452054794519,62.00547945205479,106.34863013698629,180.4369863013699,345.36369863013704,2017
2017-06-30,tlahuac,CDMX,0.03948596877,2684909.3,112004.82844965372,2017,356,85704.02739726029,240.74164999230416,155.84188996396733,631.9068493150687,59.331506849315076,102.70068493150683,185.73561643835612,378.0513698630137,2017
2017-09-30,tlahuac,CDMX,0.03948596877,2789710.7,112390.28948963725,2017,356,85475.49863013698,240.0997152531938,149.92575758631168,615.041095890411,62.2904109589041,108.37602739726027,187.83835616438358,371.3589041095889,2017
2017-12-31,tlahuac,CDMX,0.03948596877,2824719.7,112896.7384993797,2017,356,81580.61095890412,229.15901954748347,136.7128064297366,579.0219178082193,62.77534246575343,110.60136986301372,183.22739726027393,346.3075342465754,2017
2018-06-30,tlahuac,CDMX,0.03948596877,2706598.0,114408.35170804885,2018,356,85509.16438356166,240.19428197629676,152.83544830113183,626.5945205479452,59.43561643835617,105.58287671232873,186.90273972602748,375.67808219178085,2018
2018-09-30,tlahuac,CDMX,0.03948596877,2895109.0,114803.96409702853,2018,356,83803.66027397256,235.40354009542864,146.5127886736598,608.3150684931505,60.153424657534245,106.21369863013696,186.00958904109595,364.74520547945207,2018
2018-12-31,tlahuac,CDMX,0.03948596877,2898492.7,114701.70284153338,2018,356,79455.3287671233,223.18912575034634,133.14705906808916,567.9287671232879,61.25479452054796,106.40547945205478,179.47808219178077,339.0342465753425,2018
2019-03-31,tlahuac,CDMX,0.03948596877,3132839.1,114570.28810814611,2019,356,79327.04931506848,222.82879021086663,129.6089909907001,560.5342465753424,63.287671232876725,109.38835616438357,180.61780821917807,335.3027397260274,2019
2019-06-30,tlahuac,CDMX,0.03948596877,2679500.0,114106.85758065475,2019,356,83467.38082191783,234.45893489302762,145.93971953788508,630.9890410958903,60.33424657534248,105.54657534246576,186.05616438356162,362.32808219178094,2019
2019-09-30,tlahuac,CDMX,0.03948596877,2895581.9,112279.48198977641,2019,356,83323.62191780824,234.0551177466523,139.2748714381702,632.5369863013697,64.32602739726026,112.76986301369864,189.08904109589042,350.6705479452053,2019
2020-06-30,tlahuac,CDMX,0.03948596877,2151114.3,101806.20043521497,2020,356,84836.96986301373,238.30609512082498,147.73432174469994,690.4438356164385,61.03287671232876,110.23013698630136,190.60821917808224,356.36164383561646,2020
2020-09-30,tlahuac,CDMX,0.03948596877,2577710.4,101480.89725580177,2020,356,86850.74794520548,243.9627751269817,156.01356215467396,716.5178082191779,59.96164383561645,108.07534246575342,192.13561643835618,367.6397260273973,2020
2020-12-31,tlahuac,CDMX,0.03948596877,2650584.1,104423.65768525677,2020,356,83417.23013698631,234.31806218254582,144.23991344648348,669.5123287671231,61.48767123287669,110.34863013698632,187.15205479452055,344.97123287671235,2020
2021-03-31,tlahuac,CDMX,0.03948596877,2944607.2,107388.80616542973,2021,356,84403.3479452055,237.088056025858,149.96872370992665,688.1534246575343,59.523287671232886,107.82876712328766,186.67123287671234,351.60753424657526,2021
2021-06-30,tlahuac,CDMX,0.03948596877,2659692.8,107565.09522160028,2021,356,89916.29041095891,252.57384946898569,164.76457884121396,739.7753424657535,60.016438356164386,109.30890410958902,196.2602739726028,379.74246575342477,2021
2021-09-30,tlahuac,CDMX,0.03948596877,2669881.7,107395.83713574384,2021,356,91995.26575342464,258.41366784669844,168.46098187001138,751.9205479452056,61.4876712328767,112.75958904109591,198.93835616438355,388.8979452054794,2021
2021-12-31,tlahuac,CDMX,0.03948596877,2594129.6,107733.86763004084,2021,356,88744.13698630141,249.28128366938589,153.15944080753926,697.5013698630136,65.36438356164382,118.82876712328765,196.40821917808216,365.5212328767124,2021
2022-03-31,tlahuac,CDMX,0.03948596877,2966769.4,108806.56616207869,2022,356,91095.75068493154,255.88694012621212,158.1814516236581,715.6520547945204,65.84931506849318,120.51849315068493,201.66027397260274,376.98356164383574,2022
2022-06-30,tlahuac,CDMX,0.03948596877,2706016.8,110645.45191285346,2022,356,98596.62465753424,276.9568108357704,183.4504568607638,809.6876712328767,63.81917808219178,117.99520547945207,211.3780821917808,421.3541095890411,2022
2022-09-30,tlahuac,CDMX,0.03948596877,2840890.3,112338.87727757487,2022,356,101148.04109589041,284.12371094351244,188.2094832793003,842.3342465753426,65.42191780821916,121.93904109589043,216.4260273972603,431.3500000000001,2022
2023-03-31,tlahuac,CDMX,0.03948596877,3108307.2,115341.69290408137,2023,356,103273.24109589041,290.0933738648606,191.66985670511022,872.813698630137,67.27945205479455,127.00684931506852,221.00000000000003,435.50821917808224,2023
2023-06-30,tlahuac,CDMX,0.03948596877,2859903.6,116293.48688046933,2023,356,113162.88493150684,317.87327227951357,221.88712059979397,982.2630136986303,67.85753424657534,128.95684931506852,234.3041095890411,486.64520547945204,2023
2023-12-31,tlahuac,CDMX,0.03948596877,2829452.9,116293.48688046933,2023,356,182605.6602739726,512.9372479605972,234.24870280954866,1222.0602739726023,252.8027397260274,319.3424657534246,422.86438356164393,678.941095890411,2023
2012-03-31,tlalpan,CDMX,0.07169286372,2633934.6,182266.18516173604,2012,1427,130879.14520547948,91.71628956235423,107.22537042786509,594.6109589041096,14.63561917808219,24.349315068493155,35.41917808219176,120.48630136986299,2012
2012-06-30,tlalpan,CDMX,0.07169286372,2438708.1,183219.09713299602,2012,1427,130879.14520547948,91.71628956235423,107.22537042786509,594.6109589041096,14.63561917808219,24.349315068493155,35.41917808219176,120.48630136986299,2012
2012-09-30,tlalpan,CDMX,0.07169286372,2592835.4,184315.91191647554,2012,1427,129082.30684931505,90.45711762390684,106.73662785554056,592.7068493150683,14.076715068493147,23.32191780821918,34.23835616438355,119.26575342465753,2012
2012-12-31,tlalpan,CDMX,0.07169286372,2598596.7,185036.44670472067,2012,1427,123960.72602739726,86.86806308857551,96.77200268410336,542.2657534246575,15.383564383561643,25.657534246575338,36.915068493150685,113.63013698630137,2012
2013-03-31,tlalpan,CDMX,0.07169286372,2673066.3,186083.83553179086,2013,1427,125106.72876712326,87.67114840022656,95.9700221552311,531.1616438356166,16.783564383561643,27.150684931506856,37.695890410958896,114.05205479452054,2013
2013-06-30,tlalpan,CDMX,0.07169286372,2479978.8,187015.07743883063,2013,1427,127989.12054794519,89.69104453254745,102.85596287742607,553.2821917808218,15.482191780821916,24.912328767123284,35.287671232876704,117.41095890410959,2013
2013-09-30,tlalpan,CDMX,0.07169286372,2668439.8,187945.25560300497,2013,1427,125125.9397260274,87.68461088018739,97.83552332199304,520.1260273972604,16.1972602739726,25.606849315068487,35.978082191780814,115.1191780821918,2013
2013-12-31,tlalpan,CDMX,0.07169286372,2626906.9,188828.03851113483,2013,1427,119412.05205479455,83.68048497182518,89.07094413036539,474.57534246575335,16.312328767123287,26.668493150684935,37.86849315068492,109.34246575342466,2013
2014-06-30,tlalpan,CDMX,0.07169286372,2503000.3,189709.3777042215,2014,1427,126776.59452054797,88.84134164018779,100.79287571910642,539.6712328767123,13.969863013698632,25.219178082191778,36.93150684931506,115.70410958904108,2014
2014-09-30,tlalpan,CDMX,0.07169286372,2686402.8,191148.96592691512,2014,1427,132860.49863013695,93.10476428180587,105.36194003845957,559.668493150685,15.084931506849315,26.667123287671235,39.02191780821917,120.71506849315068,2014
2014-12-31,tlalpan,CDMX,0.07169286372,2666305.5,192990.31289244848,2014,1427,134756.9315068493,94.4337291568671,102.81780114518935,550.5095890410958,16.309589041095894,29.616438356164387,42.638356164383566,120.81506849315069,2014
2015-03-31,tlalpan,CDMX,0.07169286372,2869792.9,194329.63506058647,2015,1427,147140.84657534247,103.11201582014189,112.58268456868902,606.3178082191779,18.536986301369865,33.157534246575345,45.97534246575342,129.72465753424657,2015
2015-09-30,tlalpan,CDMX,0.07169286372,2751624.2,196403.67645005658,2015,1427,168418.94520547948,118.02308703957915,139.5394858967208,703.3753424657533,19.4054794520548,31.742465753424657,44.53972602739726,148.87260273972606,2015
2015-12-31,tlalpan,CDMX,0.07169286372,2705692.6,197593.9330236264,2015,1427,164522.61917808212,115.29265534553764,128.8596300055613,649.2054794520549,21.28767397260275,35.36164383561643,48.2958904109589,144.33287671232875,2015
2016-03-31,tlalpan,CDMX,0.07169286372,2957233.6,198231.5845882856,2016,1427,163297.1397260274,114.43387507079703,124.90678855846727,631.6958904109588,22.567126027397258,36.715068493150675,49.88493150684931,143.0780821917808,2016
2016-06-30,tlalpan,CDMX,0.07169286372,2632606.6,199554.56974510342,2016,1427,169913.94794520552,119.07074137715873,140.36048884399543,683.6958904109587,19.495893150684932,31.557534246575347,44.583561643835615,152.56438356164387,2016
2016-09-30,tlalpan,CDMX,0.07169286372,2777401.3,201437.91707868633,2016,1427,168866.23287671234,118.33653320021888,138.85917026486084,673.9013698630137,18.698632876712324,31.330136986301373,44.54246575342466,153.1342465753425,2016
2016-12-31,tlalpan,CDMX,0.07169286372,2827543.6,202697.99981303702,2016,1427,159673.21095890412,111.89433143581223,127.19088501717492,625.7397260273975,18.75616712328767,31.93698630136986,44.95890410958904,144.39041095890414,2016
2017-03-31,tlalpan,CDMX,0.07169286372,3045539.9,203277.02812303242,2017,1427,158833.68767123282,111.30601798965162,126.42572448557213,630.6273972602739,19.060276712328772,31.826027397260276,45.065753424657544,143.30410958904105,2017
2017-06-30,tlalpan,CDMX,0.07169286372,2684909.3,203362.03345538437,2017,1427,166093.3589041096,116.39338395522745,142.4084177068362,703.5945205479453,15.808224657534245,27.210958904109592,39.75068493150684,153.53424657534248,2017
2017-09-30,tlalpan,CDMX,0.07169286372,2789710.7,204061.89739869745,2017,1427,164144.32054794516,115.02755469372475,139.03921270537396,705.6164383561643,16.01644383561644,27.578082191780815,40.43287671232878,152.62876712328767,2017
2017-12-31,tlalpan,CDMX,0.07169286372,2824719.7,204981.43365341338,2017,1427,154331.50958904106,108.15102283744997,126.39476935610888,656.7095890410958,16.871238356164387,28.40958904109589,40.958904109589035,142.7383561643836,2017
2018-06-30,tlalpan,CDMX,0.07169286372,2706598.0,207726.0004740407,2018,1427,162427.35890410957,113.82435802670608,141.23282542730436,733.4986301369862,14.347958904109587,25.410958904109595,37.44931506849314,151.80547945205478,2018
2018-09-30,tlalpan,CDMX,0.07169286372,2895109.0,208444.29575645537,2018,1427,159696.07945205484,111.91035700914843,138.39164151474415,737.0410958904109,14.030145205479446,24.938356164383567,37.28493150684931,150.20547945205485,2018
2018-12-31,tlalpan,CDMX,0.07169286372,2898492.7,208258.6246818325,2018,1427,151938.61643835614,106.47415307523208,127.52280946026852,716.671232876712,15.123298630136983,26.656164383561652,39.402739726027406,140.34383561643838,2018
2019-03-31,tlalpan,CDMX,0.07169286372,3132839.1,208020.0209736036,2019,1427,153792.02191780822,107.77296560463085,124.96937039164109,716.0767123287673,17.021931506849317,29.643835616438356,42.808219178082176,140.70821917808215,2019
2019-06-30,tlalpan,CDMX,0.07169286372,2679500.0,207178.59140542822,2019,1427,160833.205479452,112.70722177957398,140.4002745093632,822.545205479452,15.057547945205483,25.74794520547945,37.986301369863,149.24520547945204,2019
2019-09-30,tlalpan,CDMX,0.07169286372,2895581.9,203860.70929988316,2019,1427,159807.59452054798,111.98850351825362,136.1370349168321,831.4794520547946,15.504120547945208,27.297260273972608,40.29315068493152,148.29452054794527,2019
2020-06-30,tlalpan,CDMX,0.07169286372,2151114.3,184844.85200723296,2020,1427,162512.5315068493,113.88404450374863,140.7175559335307,865.73698630137,14.137032876712325,26.84794520547945,40.18356164383561,150.08767123287674,2020
2020-09-30,tlalpan,CDMX,0.07169286372,2577710.4,184254.21393411892,2020,1427,164426.3150684932,115.22516823300153,147.55700119408863,900.2684931506849,12.769915068493152,23.852054794520544,36.82191780821919,153.02602739726026,2020
2020-12-31,tlalpan,CDMX,0.07169286372,2650584.1,189597.24916920264,2020,1427,155139.47397260266,108.7172207236179,134.62926492054996,812.4054794520547,13.830194520547947,25.284931506849315,38.36438356164383,141.93013698630136,2020
2021-03-31,tlalpan,CDMX,0.07169286372,2944607.2,194980.93336185478,2021,1427,156336.56438356158,109.55610678595771,136.86804675631782,842.1561643835618,14.139772602739725,25.54383561643836,38.55890410958903,140.8452054794521,2021
2021-06-30,tlalpan,CDMX,0.07169286372,2659692.8,195301.01332121913,2021,1427,166220.38356164383,116.48239913219611,149.20864242775122,939.2164383561642,14.468528767123285,25.62602739726028,38.15068493150686,148.9876712328767,2021
2021-09-30,tlalpan,CDMX,0.07169286372,2669881.7,194993.69917240093,2021,1427,168182.49315068492,117.85738833264536,152.78035541154532,971.2849315068494,14.468512328767126,24.917808219178085,37.26301369863013,150.68630136986303,2021
2021-12-31,tlalpan,CDMX,0.07169286372,2594129.6,195607.44564781353,2021,1427,159001.48493150686,111.42360541801462,137.87280252555786,883.0136986301369,15.945216438356162,27.67260273972603,40.29589041095891,139.7547945205479,2021
2022-03-31,tlalpan,CDMX,0.07169286372,2966769.4,197555.09520702765,2022,1427,164335.36164383564,115.16143072448187,141.39970751525743,906.7698630136988,17.106854794520554,29.6,42.54246575342465,143.98630136986296,2022
2022-06-30,tlalpan,CDMX,0.07169286372,2706016.8,200893.8757823471,2022,1427,175457.61643835617,122.95558264776184,161.34258132388084,1024.6794520547944,14.980827397260278,26.115068493150687,37.950684931506856,155.0082191780822,2022
2022-09-30,tlalpan,CDMX,0.07169286372,2840890.3,203968.5506016516,2022,1427,177478.6630136986,124.37187317007609,164.82828348246932,1028.0876712328768,14.808219178082194,25.109589041095894,36.720547945205475,158.0739726027397,2022
2023-03-31,tlalpan,CDMX,0.07169286372,3108307.2,209420.62530548865,2023,1427,176522.3287671233,123.70170200919645,159.12312427846177,961.1890410958904,16.21369863013699,27.75205479452055,40.53150684931507,153.9534246575343,2023
2023-06-30,tlalpan,CDMX,0.07169286372,2859903.6,211148.75400447458,2023,1427,188011.64931506847,131.75308291175088,173.46631587738264,1045.5479452054794,16.087671232876712,27.18767123287671,40.26301369863013,164.55890410958898,2023
2023-12-31,tlalpan,CDMX,0.07169286372,2829452.9,211148.75400447458,2023,1427,266194.3534246575,307.08247400908124,158.13768257359519,1114.482191780822,197.5780821917808,210.41095890410963,225.3095890410959,338.95205479452045,2023
2012-03-31,xochimilco,CDMX,0.04606222339,2633934.6,117104.90140486452,2012,492,101089.8794520548,205.46723465864798,128.08970053782852,590.4767123287671,29.323287671232876,87.38904109589042,182.31917808219177,304.6054794520548,2012
2012-06-30,xochimilco,CDMX,0.04606222339,2438708.1,117717.14147749725,2012,492,101089.8794520548,205.46723465864798,128.08970053782852,590.4767123287671,29.323287671232876,87.38904109589042,182.31917808219177,304.6054794520548,2012
2012-09-30,xochimilco,CDMX,0.04606222339,2592835.4,118421.8382206962,2012,492,99893.98356164385,203.03655195456062,127.61249216620173,602.619178082192,28.183561643835617,86.00205479452057,180.79041095890403,301.3438356164383,2012
2012-12-31,xochimilco,CDMX,0.04606222339,2598596.7,118884.77738443269,2012,492,93742.997260274,190.53454727697965,114.56355397250091,554.4712328767123,29.73698630136986,86.36917808219177,170.93424657534248,278.36643835616434,2012
2013-03-31,xochimilco,CDMX,0.04606222339,2673066.3,119557.71825504878,2013,492,93400.16712328764,189.83773805546275,113.28637421069342,550.2547945205478,31.386301369863013,87.09863013698626,170.16712328767125,276.46095890410953,2013
2013-06-30,xochimilco,CDMX,0.04606222339,2479978.8,120156.03544488408,2013,492,96196.96712328767,195.5222909009912,120.21096978718683,575.3671232876713,29.991780821917807,86.22465753424656,173.9,287.80410958904116,2013
2013-09-30,xochimilco,CDMX,0.04606222339,2668439.8,120753.66918647985,2013,492,92430.10136986301,187.86605969484353,111.37418885242771,548.9945205479452,31.504109589041093,88.11301369863011,168.6095890410959,271.9102739726027,2013
2013-12-31,xochimilco,CDMX,0.04606222339,2626906.9,121320.85176797028,2013,492,85665.73698630139,174.11735159817357,97.83358834473012,481.8109589041096,32.224657534246575,87.61095890410961,156.69178082191783,246.74109589041097,2013
2014-06-30,xochimilco,CDMX,0.04606222339,2503000.3,121887.10677143719,2014,492,94099.93424657531,191.260028956454,116.66829134564358,567.4849315068494,30.695890410958906,88.6445205479452,167.40000000000003,274.6287671232876,2014
2014-09-30,xochimilco,CDMX,0.04606222339,2686402.8,122812.03333821944,2014,492,96279.28219178083,195.68959795077402,119.07695894174542,580.7205479452053,32.421917808219185,91.93356164383563,169.93835616438355,279.90205479452055,2014
2014-12-31,xochimilco,CDMX,0.04606222339,2666305.5,123995.0874228791,2014,492,94339.58082191779,191.74711549170289,112.25458741721059,556.7178082191782,34.96712328767123,95.50616438356165,166.527397260274,269.81164383561645,2014
2015-03-31,xochimilco,CDMX,0.04606222339,2869792.9,124855.59366713926,2015,492,99711.18356164383,202.6650072391135,119.73672437975418,595.8082191780821,38.320547945205476,99.75479452054796,174.9835616438356,286.3246575342466,2015
2015-09-30,xochimilco,CDMX,0.04606222339,2751624.2,126188.15248603365,2015,492,109571.6356164384,222.7065764561755,137.59668141218714,672.0575342465752,37.36438356164383,100.92123287671234,191.70410958904114,326.20684931506844,2015
2015-12-31,xochimilco,CDMX,0.04606222339,2705692.6,126952.88500386573,2015,492,103685.79178082192,210.74347922931284,122.98490683670151,616.6136986301368,40.164383561643824,102.70273972602739,184.17534246575343,303.4883561643835,2015
2016-03-31,xochimilco,CDMX,0.04606222339,2957233.6,127362.57220691883,2016,492,102041.76438356163,207.40196012919031,118.60096125851753,607.9808219178083,41.35068493150685,103.96849315068494,182.2602739726027,295.95684931506844,2016
2016-06-30,xochimilco,CDMX,0.04606222339,2632606.6,128212.582022024,2016,492,109455.31232876712,222.47014700968924,136.8094085789246,684.6821917808219,36.361643835616434,100.97328767123285,193.99863013698632,326.236301369863,2016
2016-09-30,xochimilco,CDMX,0.04606222339,2777401.3,129422.62108447892,2016,492,109351.63287671233,222.25941641608193,135.86636474876363,689.3835616438357,36.17534246575342,101.65547945205479,194.5438356164384,324.5917808219178,2016
2016-12-31,xochimilco,CDMX,0.04606222339,2827543.6,130232.21648055948,2016,492,103714.53972602739,210.80191001225077,123.04012943440391,634.6356164383562,36.90136986301369,103.18493150684932,186.48219178082186,301.63493150684934,2016
2017-03-31,xochimilco,CDMX,0.04606222339,3045539.9,130604.2386035466,2017,492,104096.6301369863,211.57851653859004,123.71530434970667,640.4547945205478,37.54520547945204,103.13082191780822,187.03150684931506,302.23150684931505,2017
2017-06-30,xochimilco,CDMX,0.04606222339,2684909.3,130658.85400604233,2017,492,111796.66849315068,227.2290010023388,141.25415824300748,696.6301369863014,33.35890410958903,100.65273972602739,199.20273972602737,333.21164383561637,2017
2017-09-30,xochimilco,CDMX,0.04606222339,2789710.7,131108.51227921993,2017,492,111902.11506849315,227.4433233099454,137.89463516252852,677.6301369863013,33.852054794520555,104.2904109589041,200.0328767123288,330.8438356164383,2017
2017-12-31,xochimilco,CDMX,0.04606222339,2824719.7,131699.30865953123,2017,492,105270.72328767125,213.96488473103906,124.16597973677098,612.9945205479452,34.47671232876713,104.24589041095889,189.92054794520547,306.14520547945204,2017
2018-06-30,xochimilco,CDMX,0.04606222339,2706598.0,133462.67593823644,2018,492,113739.86849315064,231.17859449827375,144.08164201204838,697.3643835616439,30.28767123287672,101.45890410958906,202.86301369863017,339.41780821917814,2018
2018-09-30,xochimilco,CDMX,0.04606222339,2895109.0,133924.17623326983,2018,492,113492.21095890414,230.6752255262279,142.04269593458017,710.7205479452055,30.153424657534238,103.23972602739724,204.2095890410959,336.241095890411,2018
2018-12-31,xochimilco,CDMX,0.04606222339,2898492.7,133804.8837113566,2018,492,107404.85753424655,218.3025559639158,130.0659061104665,667.2027397260273,32.04657534246576,103.10410958904109,194.28493150684935,313.1027397260274,2018
2019-03-31,xochimilco,CDMX,0.04606222339,3132839.1,133651.58229835896,2019,492,107524.76712328765,218.54627464082859,127.18249731605461,663.4328767123286,35.1013698630137,106.84794520547946,194.7520547945206,309.9143835616439,2019
2019-06-30,xochimilco,CDMX,0.04606222339,2679500.0,133110.96898309767,2019,492,114621.11232876709,232.96974050562426,144.33986540640592,739.4136986301369,31.452054794520546,104.0986301369863,205.6191780821918,339.095205479452,2019
2019-09-30,xochimilco,CDMX,0.04606222339,2895581.9,130979.25016483173,2019,492,112893.5424657534,229.45841964584028,136.25063374434478,717.1479452054795,33.28767123287672,109.53972602739728,203.90410958904116,328.0972602739726,2019
2020-06-30,xochimilco,CDMX,0.04606222339,2151114.3,118761.67897131188,2020,492,113753.98356164382,231.20728366187768,141.3780987501793,749.4904109589042,33.18904109589042,106.8486301369863,202.9109589041096,333.91369863013705,2020
2020-09-30,xochimilco,CDMX,0.04606222339,2577710.4,118382.19764702456,2020,492,116912.28493150686,237.62659538924157,149.98863512341086,792.7753424657534,30.66575342465754,105.20684931506848,206.69863013698628,346.49520547945207,2020
2020-12-31,xochimilco,CDMX,0.04606222339,2650584.1,121815.06487827745,2020,492,109972.55342465751,223.52145005011693,137.48142430539482,735.8328767123288,31.8054794520548,104.38150684931506,195.01506849315072,320.2458904109589,2020
2021-03-31,xochimilco,CDMX,0.04606222339,2944607.2,125274.04881441468,2021,492,110540.78904109592,224.6764004900323,142.10129131550607,757.5260273972601,31.38082191780822,101.84246575342466,193.9698630136986,322.9979452054794,2021
2021-06-30,xochimilco,CDMX,0.04606222339,2659692.8,125479.69821696167,2021,492,116884.01095890414,237.56912796525228,155.00974966444016,814.8136986301367,31.093150684931512,102.66780821917808,204.0123287671233,344.7561643835616,2021
2021-09-30,xochimilco,CDMX,0.04606222339,2669881.7,125282.25076906706,2021,492,117878.19178082193,239.58982069272747,156.30588253810942,824.205479452055,30.953424657534246,104.48698630136987,205.72602739726028,344.66369863013705,2021
2021-12-31,xochimilco,CDMX,0.04606222339,2594129.6,125676.57909950858,2021,492,109561.52602739725,222.68602851097003,138.69226009130068,742.5068493150685,33.947945205479456,105.20753424657532,192.52191780821917,312.2198630136987,2021
2022-03-31,xochimilco,CDMX,0.04606222339,2966769.4,126927.93194589976,2022,492,111628.37534246572,226.88694175297917,140.77085905784992,762.66301369863,36.306849315068476,108.29109589041096,196.38493150684926,316.86369863013704,2022
2022-06-30,xochimilco,CDMX,0.04606222339,2706016.8,129073.0779022839,2022,492,120439.2684931507,244.79526116494037,160.57441160138882,863.5616438356163,32.416438356164385,107.60616438356166,209.3054794520548,349.2472602739726,2022
2022-09-30,xochimilco,CDMX,0.04606222339,2840890.3,131048.53753703278,2022,492,122000.14794520548,247.96778037643392,162.4656537031603,900.7178082191782,31.484931506849318,110.69041095890412,212.67260273972602,351.4609589041096,2022
2023-03-31,xochimilco,CDMX,0.04606222339,3108307.2,134551.4619553951,2023,492,119407.36164383561,242.69788951999107,155.78311857850562,887.4575342465755,34.454794520547935,113.86986301369865,207.4876712328767,338.7609589041096,2023
2023-06-30,xochimilco,CDMX,0.04606222339,2859903.6,135661.7740010995,2023,492,127037.23835616438,258.2057690165943,171.39977208490387,967.1780821917808,33.531506849315065,115.05684931506849,219.06438356164384,364.6787671232876,2023
2023-12-31,xochimilco,CDMX,0.04606222339,2829452.9,135661.7740010995,2023,492,210300.01095890414,427.4390466644392,154.8337515748736,1052.9068493150687,218.29863013698628,300.5191780821918,392.19726027397274,521.1671232876711,2023
2012-03-31,benito juarez,CDMX,0.04332147918,2633934.6,110137.05320156479,2012,106,44495.49315068492,419.7688033083485,81.39330116007008,678.9506849315067,293.56438356164387,361.98630136986304,406.60684931506853,463.0972602739726,2012
2012-06-30,benito juarez,CDMX,0.04332147918,2438708.1,110712.86443271517,2012,106,44495.49315068492,419.7688033083485,81.39330116007008,678.9506849315067,293.56438356164387,361.98630136986304,406.60684931506853,463.0972602739726,2012
2012-09-30,benito juarez,CDMX,0.04332147918,2592835.4,111375.63107839416,2012,106,43860.178082191786,413.77526492633774,79.0682014396841,666.1041095890412,290.4273972602739,357.6335616438356,401.31369863013697,456.20342465753424,2012
2012-12-31,benito juarez,CDMX,0.04332147918,2598596.7,111811.02494059691,2012,106,40806.967123287664,384.971387955544,70.05165132621909,608.2904109589042,274.4109589041096,335.1691780821917,374.16712328767136,423.04109589041093,2012
2013-03-31,benito juarez,CDMX,0.04332147918,2673066.3,112443.9252170107,2013,106,40573.569863013705,382.7695270095632,68.37374229039648,597.5698630136986,274.4712328767124,333.8739726027397,372.33150684931496,420.17054794520544,2013
2013-06-30,benito juarez,CDMX,0.04332147918,2479978.8,113006.64198956045,2013,106,42348.52602739726,399.5143964848798,73.3168723584184,631.1178082191782,283.86575342465756,347.1,389.2068493150685,440.0602739726027,2013
2013-09-30,benito juarez,CDMX,0.04332147918,2668439.8,113568.71597966287,2013,106,41574.06575342466,392.20816748513835,74.93731319341545,635.9671232876714,276.150684931507,339.30479452054794,382.9191780821917,432.5712328767123,2013
2013-12-31,benito juarez,CDMX,0.04332147918,2626906.9,114102.15068139789,2013,106,39157.05205479452,369.40615146032576,70.41962199040124,592.2876712328767,257.8301369863014,319.55890410958904,361.5630136986302,408.0965753424657,2013
2014-06-30,benito juarez,CDMX,0.04332147918,2503000.3,114634.71299684592,2014,106,42451.08219178082,400.48190746963047,77.49770764219201,643.2904109589041,275.50136986301385,346.31506849315065,391.95479452054803,442.29657534246576,2014
2014-09-30,benito juarez,CDMX,0.04332147918,2686402.8,115504.60559118785,2014,106,43715.83287671233,412.41351770483334,74.7553018124196,634.7369863013698,283.0657534246575,360.3499999999999,405.11095890410957,454.07671232876714,2014
2014-12-31,benito juarez,CDMX,0.04332147918,2666305.5,116617.26688118812,2014,106,43531.07123287671,410.6704833290256,67.88404573043027,599.7698630136986,285.44383561643843,362.96164383561637,404.1931506849315,450.263698630137,2014
2015-03-31,benito juarez,CDMX,0.04332147918,2869792.9,117426.5722208229,2015,106,47235.4191780822,445.6171620573792,71.01413070359592,644.8328767123288,313.4547945205479,395.7280821917808,438.44246575342464,487.01164383561644,2015
2015-09-30,benito juarez,CDMX,0.04332147918,2751624.2,118679.84257731619,2015,106,54635.545205479444,515.4296717498062,77.59280499012186,752.2328767123289,374.9479452054795,461.5958904109589,506.7876712328767,558.9842465753427,2015
2015-12-31,benito juarez,CDMX,0.04332147918,2705692.6,119399.07281440291,2015,106,52337.44383561644,493.7494701473249,72.81186168242115,726.413698630137,367.1643835616439,443.3013698630138,484.5616438356165,533.2630136986298,2015
2016-03-31,benito juarez,CDMX,0.04332147918,2957233.6,119784.38325604415,2016,106,50972.15890410959,480.8694236236754,73.29511737732817,727.7890410958903,358.3232876712328,430.64931506849325,471.0123287671233,519.0458904109588,2016
2016-06-30,benito juarez,CDMX,0.04332147918,2632606.6,120583.81671361078,2016,106,54186.14520547945,511.1900491082968,81.30543850218174,805.6904109589041,382.2684931506849,457.2623287671234,499.1369863013698,550.2931506849316,2016
2016-09-30,benito juarez,CDMX,0.04332147918,2777401.3,121721.85735067015,2016,106,53858.54794520549,508.0995089170328,83.00303639078619,816.8246575342463,380.98630136986293,453.7863013698631,495.20136986301367,546.0671232876712,2016
2016-12-31,benito juarez,CDMX,0.04332147918,2827543.6,122483.28108392272,2016,106,50664.15890410958,477.9637632463169,78.47633292397182,764.7150684931507,356.6630136986301,426.0150684931507,465.9520547945206,515.0219178082192,2016
2017-03-31,benito juarez,CDMX,0.04332147918,3045539.9,122833.16755203849,2017,106,50843.42191780821,479.6549237529078,81.13183729779963,783.9890410958906,355.558904109589,426.6739726027397,467.0232876712329,517.0643835616437,2017
2017-06-30,benito juarez,CDMX,0.04332147918,2684909.3,122884.53328838374,2017,106,55212.7397260274,520.8749030757302,88.59819642470207,872.041095890411,388.4465753424658,463.59041095890416,506.70136986301367,561.1671232876714,2017
2017-09-30,benito juarez,CDMX,0.04332147918,2789710.7,123307.4364851019,2017,106,55403.495890410944,522.6744895321789,88.78692662897633,873.3863013698631,390.2493150684932,464.21506849315057,508.9109589041095,564.6068493150685,2017
2017-12-31,benito juarez,CDMX,0.04332147918,2824719.7,123863.07994313855,2017,106,52437.983561643836,494.69795812871547,83.95001337387062,826.164383561644,367.61369863013715,439.5335616438358,481.58493150684933,535.441095890411,2017
2018-06-30,benito juarez,CDMX,0.04332147918,2706598.0,125521.52526403256,2018,106,56781.265753424654,535.6723184285346,92.6761077169814,904.1589041095889,396.72602739726017,474.217808219178,520.8109589041096,580.9753424657534,2018
2018-09-30,benito juarez,CDMX,0.04332147918,2895109.0,125955.56587152946,2018,106,56231.54520547946,530.4862755233912,89.57188359693633,876.3534246575341,394.52602739726024,470.2397260273972,516.4917808219178,574.5404109589041,2018
2018-12-31,benito juarez,CDMX,0.04332147918,2898492.7,125843.37136323057,2018,106,53903.142465753415,508.52021194106993,83.25829518933206,817.8849315068493,378.02191780821926,452.6712328767124,495.50547945205494,550.1904109589043,2018
2019-03-31,benito juarez,CDMX,0.04332147918,3132839.1,125699.19152381616,2019,106,53514.19726027398,504.8509175497544,81.4978001284146,801.6986301369863,377.33150684931513,449.490410958904,492.3082191780822,545.8952054794519,2019
2019-06-30,benito juarez,CDMX,0.04332147918,2679500.0,125190.74519279067,2019,106,57939.12602739726,546.5955285603516,88.3878720817932,871.4164383561642,408.0410958904109,486.1931506849315,533.5821917808219,591.0952054794523,2019
2019-09-30,benito juarez,CDMX,0.04332147918,2895581.9,123185.86558415303,2019,106,57338.68493150686,540.930989919876,85.27408777087655,840.704109589041,404.1041095890412,481.7883561643835,528.8671232876711,586.0075342465755,2019
2020-06-30,benito juarez,CDMX,0.04332147918,2151114.3,111695.25099508083,2020,106,57905.405479452056,546.2774101835101,87.2197282533701,826.3753424657534,398.6383561643836,484.01027397260276,535.3506849315067,597.1842465753423,2020
2020-09-30,benito juarez,CDMX,0.04332147918,2577710.4,111338.34915493034,2020,106,60619.087671232875,571.8781855776689,89.49745316110427,856.46301369863,417.82465753424657,507.4301369863015,561.0123287671233,625.5061643835614,2020
2020-12-31,benito juarez,CDMX,0.04332147918,2650584.1,114566.95766188992,2020,106,57228.917808219194,539.8954510209356,85.8217977256059,805.4493150684932,391.9561643835617,478.33082191780824,529.0986301369863,590.941095890411,2020
2021-03-31,benito juarez,CDMX,0.04332147918,2944607.2,117820.12890602606,2021,106,58316.60821917807,550.156681313001,92.2955286063847,847.0575342465754,395.35342465753433,484.93630136986303,538.3109589041095,603.1589041095891,2021
2021-06-30,benito juarez,CDMX,0.04332147918,2659692.8,118013.54198197309,2021,106,62466.024657534224,589.3021194107006,97.25129373230779,900.6493150684934,426.3643835616438,520.3075342465754,576.5931506849314,646.3842465753428,2021
2021-09-30,benito juarez,CDMX,0.04332147918,2669881.7,117827.84283691255,2021,106,64585.49589041095,609.2971310416129,98.20143712537323,916.8739726027399,446.2109589041095,539.0363013698628,595.623287671233,668.559589041096,2021
2021-12-31,benito juarez,CDMX,0.04332147918,2594129.6,118198.7082728397,2021,106,60809.80821917808,573.6774360299818,93.0990332250406,861.2767123287671,421.2547945205478,507.1760273972601,559.8328767123287,629.5178082191782,2021
2022-03-31,benito juarez,CDMX,0.04332147918,2966769.4,119375.60448609412,2022,106,62749.934246575336,591.9805117601449,94.93136858398655,884.2027397260274,437.38904109589055,523.5910958904109,577.6643835616441,650.2157534246576,2022
2022-06-30,benito juarez,CDMX,0.04332147918,2706016.8,121393.11230591273,2022,106,68486.61369863014,646.1001292323599,101.48174107519986,950.572602739726,481.8684931506849,570.8753424657534,629.9931506849318,711.1150684931508,2022
2022-09-30,benito juarez,CDMX,0.04332147918,2840890.3,123251.03029465408,2022,106,68872.05753424657,649.7363918325148,100.30134554264437,943.460273972603,488.81917808219174,573.7746575342466,633.6465753424658,714.9821917808218,2022
2023-03-31,benito juarez,CDMX,0.04332147918,3108307.2,126545.5275223355,2023,106,67471.53972602739,636.5239596795038,101.79404008649375,938.3041095890413,472.2602739726028,560.5465753424656,621.8260273972602,700.6623287671233,2023
2023-06-30,benito juarez,CDMX,0.04332147918,2859903.6,127589.77499089621,2023,106,70744.94794520548,667.4051692943915,107.08811142941501,987.3260273972602,495.94520547945217,587.6061643835613,651.412328767123,734.9883561643836,2023
2023-12-31,benito juarez,CDMX,0.04332147918,2829452.9,127589.77499089621,2023,106,84854.0575342466,800.5099767381754,101.02113620844942,1090.7479452054795,633.0191780821918,726.7150684931506,787.6315068493149,864.2335616438354,2023
2012-03-31,cuauhtemoc,CDMX,0.05978303945,2633934.6,151987.60340334012,2012,137,78632.0876712329,573.9568443155684,165.79503982794907,1213.501369863014,331.21095890410965,470.3753424657534,545.5917808219177,631.9561643835616,2012
2012-06-30,cuauhtemoc,CDMX,0.05978303945,2438708.1,152782.21490320575,2012,137,78632.0876712329,573.9568443155684,165.79503982794907,1213.501369863014,331.21095890410965,470.3753424657534,545.5917808219177,631.9561643835616,2012
2012-09-30,cuauhtemoc,CDMX,0.05978303945,2592835.4,153696.8236671434,2012,137,79088.37808219178,577.2874312568742,171.5600545692665,1239.1561643835614,331.52602739726024,470.5232876712328,546.0301369863015,635.117808219178,2012
2012-12-31,cuauhtemoc,CDMX,0.05978303945,2598596.7,154297.66114852775,2012,137,75412.00547945205,550.4525947405259,164.89754563963461,1171.397260273973,318.96712328767126,446.79999999999995,518.6657534246575,604.4794520547947,2012
2013-03-31,cuauhtemoc,CDMX,0.05978303945,2673066.3,155171.05473778056,2013,137,76125.42191780823,555.6600139986003,169.41764054302638,1191.3397260273978,321.7616438356164,448.9123287671233,521.5424657534248,610.153424657534,2013
2013-06-30,cuauhtemoc,CDMX,0.05978303945,2479978.8,155947.59606668443,2013,137,79722.18082191783,581.9137286271372,185.85407933612188,1290.805479452055,335.0767123287671,468.17534246575343,543.0246575342466,633.4246575342465,2013
2013-09-30,cuauhtemoc,CDMX,0.05978303945,2668439.8,156723.2503647405,2013,137,77944.35068493152,568.9368663133683,179.73742955194717,1247.1205479452053,330.36164383561646,459.41643835616435,529.7753424657534,617.0794520547945,2013
2013-12-31,cuauhtemoc,CDMX,0.05978303945,2626906.9,157459.3828427041,2013,137,72388.65205479453,528.3843215678432,157.45030682894398,1104.613698630137,311.08767123287663,431.57534246575347,495.7342465753425,574.3972602739725,2013
2014-06-30,cuauhtemoc,CDMX,0.05978303945,2503000.3,158194.31143971084,2014,137,78271.95616438359,571.3281471852815,179.34037382647014,1278.1123287671237,339.42739726027395,465.73972602739724,533.9068493150686,614.1041095890412,2014
2014-09-30,cuauhtemoc,CDMX,0.05978303945,2686402.8,159394.75113542686,2014,137,77390.39178082191,564.8933706629334,170.49865291196795,1235.920547945206,338.50136986301374,463.91232876712326,530.6082191780823,609.5315068493152,2014
2014-12-31,cuauhtemoc,CDMX,0.05978303945,2666305.5,160930.20825862876,2014,137,72406.66027397261,528.5157684231579,146.10270941287453,1079.5315068493153,322.8794520547947,439.0986301369863,501.3780821917808,574.3616438356164,2014
2015-03-31,cuauhtemoc,CDMX,0.05978303945,2869792.9,162047.03838452202,2015,137,76236.41917808219,556.470212978702,154.59186760857952,1141.9671232876713,338.4191780821917,462.30410958904105,527.9890410958905,604.2684931506849,2015
2015-09-30,cuauhtemoc,CDMX,0.05978303945,2751624.2,163776.53406615474,2015,137,82544.49589041094,602.5145685431457,162.50561648105733,1191.9041095890414,361.85205479452054,500.85479452054784,573.7945205479451,660.2383561643836,2015
2015-12-31,cuauhtemoc,CDMX,0.05978303945,2705692.6,164769.06180184757,2015,137,77914.64383561647,568.7200279972002,143.0578931965956,1058.5726027397263,348.01917808219173,476.54794520547944,544.627397260274,624.9589041095891,2015
2016-03-31,cuauhtemoc,CDMX,0.05978303945,2957233.6,165300.78485861173,2016,137,77442.60273972605,565.2744725527449,142.32960457375813,1060.2876712328768,347.2191780821917,473.7561643835616,542.1315068493152,620.6821917808219,2016
2016-06-30,cuauhtemoc,CDMX,0.05978303945,2632606.6,166403.9919243903,2016,137,84722.03561643836,618.4090190980901,163.90798329283425,1210.7808219178078,375.9835616438356,513.0739726027398,590.6219178082192,678.8273972602742,2016
2016-09-30,cuauhtemoc,CDMX,0.05978303945,2777401.3,167974.47219396598,2016,137,85365.53424657533,623.1060893910609,158.57881213913473,1186.3534246575343,384.6438356164384,519.1945205479452,596.8301369863013,684.6630136986302,2016
2016-12-31,cuauhtemoc,CDMX,0.05978303945,2827543.6,169025.22636821913,2016,137,81513.81095890413,594.9913208679133,145.96205027718224,1107.0876712328766,369.2931506849314,498.2301369863014,571.8328767123288,655.2438356164382,2016
2017-03-31,cuauhtemoc,CDMX,0.05978303945,3045539.9,169508.06483362505,2017,137,82676.57808219179,603.4786721327869,152.01578358410148,1148.7561643835618,371.88767123287676,503.06301369863013,579.7452054794521,665.827397260274,2017
2017-06-30,cuauhtemoc,CDMX,0.05978303945,2684909.3,169578.94883621292,2017,137,89891.20273972601,656.1401659834017,166.3688373444383,1259.8739726027397,404.4301369863014,547.8383561643835,628.1506849315068,722.3890410958904,2017
2017-09-30,cuauhtemoc,CDMX,0.05978303945,2789710.7,170162.5493727478,2017,137,89235.66575342465,651.3552244775524,157.58148223648544,1214.3013698630134,404.98630136986304,548.3232876712328,626.345205479452,720.1342465753424,2017
2017-12-31,cuauhtemoc,CDMX,0.05978303945,2824719.7,170929.3296258855,2017,137,83767.8602739726,611.4442355764425,143.14903600867896,1113.7342465753425,383.12876712328773,517.3287671232875,589.9013698630135,677.0191780821917,2017
2018-06-30,cuauhtemoc,CDMX,0.05978303945,2706598.0,173217.96112973423,2018,137,91333.06301369863,666.6646935306469,170.65804350653318,1292.8109589041096,411.9917808219178,558.6739726027396,638.1945205479452,730.564383561644,2018
2018-09-30,cuauhtemoc,CDMX,0.05978303945,2895109.0,173816.93113842374,2018,137,91162.07671232875,665.4166183381664,178.04819434176,1340.8958904109588,408.8986301369863,554.6438356164383,632.8246575342466,725.4219178082193,2018
2018-12-31,cuauhtemoc,CDMX,0.05978303945,2898492.7,173662.10427556816,2018,137,87312.90136986302,637.3204479552045,173.5231751927668,1298.3123287671233,390.5643835616438,530.331506849315,604.0438356164382,691.6301369863016,2018
2019-03-31,cuauhtemoc,CDMX,0.05978303945,3132839.1,173463.1381001106,2019,137,87439.44931506852,638.2441555844416,176.87868326941685,1315.6602739726027,392.295890410959,530.827397260274,602.8246575342465,689.7095890410956,2019
2019-06-30,cuauhtemoc,CDMX,0.05978303945,2679500.0,172761.48922658977,2019,137,96094.6493150685,701.420797920208,197.83241644921182,1475.2739726027391,424.1397260273974,582.3178082191781,661.027397260274,757.8931506849316,2019
2019-09-30,cuauhtemoc,CDMX,0.05978303945,2895581.9,169994.78321829127,2019,137,95300.35342465754,695.6230176982302,187.09421080990893,1427.7342465753425,418.9808219178082,582.6493150684933,659.46301369863,755.3342465753427,2019
2020-06-30,cuauhtemoc,CDMX,0.05978303945,2151114.3,154137.89471203758,2020,137,97735.31506849316,713.3964603539647,179.46103123103987,1393.4794520547948,420.4191780821919,603.786301369863,683.854794520548,780.7534246575343,2020
2020-09-30,cuauhtemoc,CDMX,0.05978303945,2577710.4,153645.37513068074,2020,137,100851.37260273974,736.1414058594144,176.3178683760711,1387.441095890411,431.4438356164384,628.4164383561643,710.0493150684932,806.6356164383562,2020
2020-12-31,cuauhtemoc,CDMX,0.05978303945,2650584.1,158100.81001872302,2020,137,94274.24931506852,688.133206679332,158.86786929060165,1246.112328767123,405.9397260273973,589.531506849315,666.0219178082191,754.8684931506848,2020
2021-03-31,cuauhtemoc,CDMX,0.05978303945,2944607.2,162590.14114284547,2021,137,95550.74794520548,697.4507149285071,161.5877562920905,1251.7890410958903,408.1972602739725,595.8684931506848,673.9397260273973,766.6054794520549,2021
2021-06-30,cuauhtemoc,CDMX,0.05978303945,2659692.8,162857.04850077393,2021,137,101478.97808219178,740.7224677532246,171.7756123319868,1326.9808219178085,429.9808219178082,633.4904109589041,716.0547945205482,813.5260273972603,2021
2021-09-30,cuauhtemoc,CDMX,0.05978303945,2669881.7,162600.78626030756,2021,137,104547.30136986304,763.1189881011899,173.806259207226,1338.2931506849313,441.3123287671233,653.4602739726026,739.991780821918,839.3835616438357,2021
2021-12-31,cuauhtemoc,CDMX,0.05978303945,2594129.6,163112.57540985514,2021,137,98843.03561643836,721.4820117988202,164.41036125534856,1255.572602739726,420.3095890410959,616.0465753424659,700.0438356164382,796.0767123287674,2021
2022-03-31,cuauhtemoc,CDMX,0.05978303945,2966769.4,164736.6758348015,2022,137,102923.57260273976,751.2669533046698,171.44897537077938,1303.0602739726032,432.33424657534243,640.978082191781,730.9342465753426,831.6356164383562,2022
2022-06-30,cuauhtemoc,CDMX,0.05978303945,2706016.8,167520.80859909966,2022,137,113724.48767123287,830.1057494250576,196.8016468759789,1498.5534246575337,464.96986301369867,706.1424657534246,806.901369863014,920.66301369863,2022
2022-09-30,cuauhtemoc,CDMX,0.05978303945,2840890.3,170084.70961351992,2022,137,114884.46027397261,838.572702729727,198.9093298587373,1495.9123287671237,465.85205479452054,711.4794520547946,815.9287671232877,933.8547945205479,2022
2023-03-31,cuauhtemoc,CDMX,0.05978303945,3108307.2,174631.07002083777,2023,137,114366.33698630135,834.7907809219078,220.6462662648487,1667.0054794520547,459.07671232876714,700.7315068493151,808.7150684931506,930.0904109589044,2023
2023-06-30,cuauhtemoc,CDMX,0.05978303945,2859903.6,176072.1170208522,2023,137,119948.9589041096,875.5398460153984,253.37272539953065,1927.558904109589,480.6465753424658,732.7013698630136,843.8931506849316,969.8520547945207,2023
2023-12-31,cuauhtemoc,CDMX,0.05978303945,2829452.9,176072.1170208522,2023,137,135673.56712328768,990.3180081991801,286.6363743428396,2418.564383561644,629.895890410959,852.3232876712328,954.739726027397,1064.5972602739723,2023
2012-03-31,miguel hidalgo,CDMX,0.04216249317,2633934.6,107190.54014939343,2012,180,77696.81917808218,431.64899543378993,183.74390560028417,1008.4191780821918,122.01369863013696,291.88219178082204,414.5109589041096,537.3664383561644,2012
2012-06-30,miguel hidalgo,CDMX,0.04216249317,2438708.1,107750.94661658065,2012,180,77696.81917808218,431.64899543378993,183.74390560028417,1008.4191780821918,122.01369863013696,291.88219178082204,414.5109589041096,537.3664383561644,2012
2012-09-30,miguel hidalgo,CDMX,0.04216249317,2592835.4,108395.98216708985,2012,180,77249.57260273972,429.16429223744296,182.75638829071315,1004.8328767123289,122.26301369863013,289.5143835616438,412.2945205479453,535.1534246575342,2012
2012-12-31,miguel hidalgo,CDMX,0.04216249317,2598596.7,108819.7278721963,2012,180,73222.0,406.788888888889,168.65414312608274,952.172602739726,123.92876712328767,277.40616438356165,391.972602739726,505.47397260273976,2012
2013-03-31,miguel hidalgo,CDMX,0.04216249317,2673066.3,109435.69607288294,2013,180,72912.7808219178,405.07100456621004,167.59462981903593,944.8520547945205,126.60273972602738,275.4520547945206,389.4616438356164,504.48219178082195,2013
2013-06-30,miguel hidalgo,CDMX,0.04216249317,2479978.8,109983.35839947834,2013,180,75329.93150684933,418.4996194824962,173.16672110271836,965.7013698630137,126.9095890410959,282.5486301369864,404.2191780821918,524.517123287671,2013
2013-09-30,miguel hidalgo,CDMX,0.04216249317,2668439.8,110530.39514008132,2013,180,73301.5506849315,407.2308371385084,165.5771735718982,936.6849315068494,130.67397260273972,274.7773972602741,394.2027397260274,510.1239726027396,2013
2013-12-31,miguel hidalgo,CDMX,0.04216249317,2626906.9,111049.55878348081,2013,180,68325.60547945206,379.58669710806697,151.09529368335654,861.9945205479453,128.93972602739726,257.8520547945206,367.2342465753424,474.827397260274,2013
2014-06-30,miguel hidalgo,CDMX,0.04216249317,2503000.3,111567.87337967409,2014,180,72895.07671232877,404.97264840182663,166.29621309119673,893.8273972602741,127.21643835616439,265.23561643835615,397.44246575342464,515.6657534246575,2014
2014-09-30,miguel hidalgo,CDMX,0.04216249317,2686402.8,112414.49360737187,2014,180,73262.92054794519,407.01622526636226,168.49199191692773,906.3479452054794,130.3205479452055,263.7993150684932,400.4068493150685,518.5219178082191,2014
2014-12-31,miguel hidalgo,CDMX,0.04216249317,2666305.5,113497.38770351383,2014,180,69985.21643835616,388.80675799086777,153.98668921962883,831.0328767123286,135.25479452054802,257.33630136986307,383.98904109589046,492.32465753424657,2014
2015-03-31,miguel hidalgo,CDMX,0.04216249317,2869792.9,114285.04157638871,2015,180,74475.72876712326,413.7540487062405,164.8759026755451,886.8027397260274,140.39178082191782,274.34178082191784,409.94109589041096,524.0150684931506,2015
2015-09-30,miguel hidalgo,CDMX,0.04216249317,2751624.2,115504.78300364374,2015,180,83862.75890410958,465.90421613394204,212.4673496714607,1259.5424657534247,145.10410958904114,310.10205479452054,453.9246575342465,579.7958904109589,2015
2015-12-31,miguel hidalgo,CDMX,0.04216249317,2705692.6,116204.7715666572,2015,180,80101.73972602742,445.0096651445967,202.9085759221489,1259.1369863013697,148.20821917808217,305.37671232876716,431.3136986301369,544.3219178082193,2015
2016-03-31,miguel hidalgo,CDMX,0.04216249317,2957233.6,116579.77374044099,2016,180,79353.2191780822,440.8512176560121,205.3166915869034,1307.9890410958906,147.0904109589041,302.9630136986301,426.23561643835615,536.5486301369862,2016
2016-06-30,miguel hidalgo,CDMX,0.04216249317,2632606.6,117357.81983518474,2016,180,84988.53424657533,472.15852359208515,240.3707683383488,1564.0712328767124,141.80273972602745,314.51301369863006,455.12739726027394,575.7315068493151,2016
2016-09-30,miguel hidalgo,CDMX,0.04216249317,2777401.3,118465.41430091919,2016,180,84289.46027397263,468.27477929984775,230.88401515115757,1509.0191780821917,143.36712328767123,312.02876712328765,454.9931506849315,571.5828767123288,2016
2016-12-31,miguel hidalgo,CDMX,0.04216249317,2827543.6,119206.46755118675,2016,180,79108.45205479454,439.49140030441407,203.36531887141146,1317.3698630136985,144.50410958904106,295.754794520548,428.7383561643835,537.008904109589,2016
2017-03-31,miguel hidalgo,CDMX,0.04216249317,3045539.9,119546.99345430543,2017,180,78772.83561643834,437.62686453576873,199.55301072468254,1270.621917808219,141.4,291.56095890410955,428.82328767123295,538.5698630136988,2017
2017-06-30,miguel hidalgo,CDMX,0.04216249317,2684909.3,119596.98499542594,2017,180,85042.53150684932,472.45850837138516,213.33199707537517,1294.172602739726,140.58082191780815,309.1712328767124,466.4150684931506,588.6506849315068,2017
2017-09-30,miguel hidalgo,CDMX,0.04216249317,2789710.7,120008.57419968914,2017,180,83944.64109589042,466.3591171993913,193.65694972855482,1115.309589041096,147.1506849315068,308.68698630136987,465.01095890410966,583.4643835616439,2017
2017-12-31,miguel hidalgo,CDMX,0.04216249317,2824719.7,120549.35244521222,2017,180,78822.3397260274,437.90188736681887,172.24380472255504,971.6657534246574,147.6438356164384,293.39726027397256,439.37808219178083,547.736301369863,2017
2018-06-30,miguel hidalgo,CDMX,0.04216249317,2706598.0,122163.42913046296,2018,180,85181.56712328766,473.2309284627093,194.80705671369236,1060.219178082192,144.7287671232877,308.13493150684917,475.7493150684931,599.8863013698631,2018
2018-09-30,miguel hidalgo,CDMX,0.04216249317,2895109.0,122585.857784689,2018,180,85053.65205479454,472.520289193303,196.3858825691773,1079.9999999999998,146.85753424657534,306.2410958904111,473.53150684931506,599.5636986301366,2018
2018-12-31,miguel hidalgo,CDMX,0.04216249317,2898492.7,122476.66483284617,2018,180,81448.50958904109,452.49171993911716,187.93871823676503,1049.3479452054794,148.90958904109587,293.18630136986303,450.0767123287672,574.1513698630138,2018
2019-03-31,miguel hidalgo,CDMX,0.04216249317,3132839.1,122336.3422582336,2019,180,81824.46027397258,454.5803348554033,188.77397365034753,1069.2520547945203,154.79178082191783,295.83082191780824,449.2986301369863,574.9479452054795,2019
2019-06-30,miguel hidalgo,CDMX,0.04216249317,2679500.0,121841.49846792576,2019,180,88969.83013698633,494.2768340943683,211.97858360315726,1162.112328767123,157.90684931506846,315.11712328767123,488.36575342465744,630.2301369863015,2019
2019-09-30,miguel hidalgo,CDMX,0.04216249317,2895581.9,119890.25570323084,2019,180,87653.29589041094,486.96275494672756,203.04903229338603,1111.0465753424658,166.9095890410959,314.7410958904109,478.36301369863,619.172602739726,2019
2020-06-30,miguel hidalgo,CDMX,0.04216249317,2151114.3,108707.05124435529,2020,180,88099.8219178082,489.44345509893446,200.07671380431546,1043.4383561643838,165.72602739726025,317.80136986301375,481.0767123287672,626.5095890410956,2020
2020-09-30,miguel hidalgo,CDMX,0.04216249317,2577710.4,108359.69765249891,2020,180,90527.65753424657,502.9314307458143,205.78168135720193,1060.1260273972603,166.72328767123287,326.1712328767123,494.9164383561644,645.292465753425,2020
2020-12-31,miguel hidalgo,CDMX,0.04216249317,2650584.1,111501.93071332504,2020,180,84587.37534246576,469.9298630136988,186.88983013798708,977.8109589041095,165.02739726027394,309.3568493150686,462.7246575342465,600.2294520547945,2020
2021-03-31,miguel hidalgo,CDMX,0.04216249317,2944607.2,114668.06938074742,2021,180,84819.26575342465,471.2181430745813,188.65963389258525,989.2657534246574,163.0191780821917,310.4013698630137,465.47397260273976,600.8397260273971,2021
2021-06-30,miguel hidalgo,CDMX,0.04216249317,2659692.8,114856.30804775418,2021,180,89341.75342465752,496.34307458143076,198.1632380468223,1040.0164383561644,164.9424657534246,329.7472602739727,491.0849315068493,631.2698630136986,2021
2021-09-30,miguel hidalgo,CDMX,0.04216249317,2669881.7,114675.5769396875,2021,180,89942.07123287671,499.6781735159818,196.789570721411,1040.7616438356163,167.05479452054797,335.31232876712335,494.3369863013698,634.1835616438357,2021
2021-12-31,miguel hidalgo,CDMX,0.04216249317,2594129.6,115036.52055715489,2021,180,83879.03013698632,465.9946118721461,175.57012245041994,949.4684931506848,167.69041095890412,319.7883561643836,461.2972602739726,585.9753424657533,2021
2022-03-31,miguel hidalgo,CDMX,0.04216249317,2966769.4,116181.93109004467,2022,180,85931.7616438356,477.3986757990867,180.85815596927816,990.5890410958904,166.94246575342467,327.3527397260273,473.84657534246577,599.6335616438357,2022
2022-06-30,miguel hidalgo,CDMX,0.04216249317,2706016.8,118145.46422149864,2022,180,93765.95616438355,520.9219786910196,204.0756234431278,1097.917808219178,166.14246575342472,350.9952054794521,519.0,659.4561643835618,2022
2022-09-30,miguel hidalgo,CDMX,0.04216249317,2840890.3,119953.6770524883,2022,180,94562.24383561642,525.345799086758,204.86164789624198,1113.5808219178082,170.27671232876713,354.4458904109589,525.4561643835615,663.2671232876711,2022
2023-03-31,miguel hidalgo,CDMX,0.04216249317,3108307.2,123160.03610323902,2023,180,94322.07123287671,524.0115068493151,201.70660642543473,1112.808219178082,181.07397260273973,352.9424657534247,526.4684931506847,660.1027397260275,2023
2023-06-30,miguel hidalgo,CDMX,0.04216249317,2859903.6,124176.34666313579,2023,180,99580.00821917808,553.2222678843225,213.6837423402904,1164.994520547945,190.15342465753426,371.0575342465753,557.0232876712328,699.0821917808217,2023
2023-12-31,miguel hidalgo,CDMX,0.04216249317,2829452.9,124176.34666313579,2023,180,126999.10410958904,705.5505783866058,198.23648929968303,1293.46301369863,380.6054794520548,535.267808219178,706.0438356164383,843.0260273972602,2023
2012-03-31,venustiano carranza,CDMX,0.05048984093,2633934.6,128361.32103294341,2012,133,68127.78904109591,512.2390153465857,141.44407487181687,879.9041095890412,168.0575342465753,444.81095890410955,513.2136986301371,593.5917808219178,2012
2012-06-30,venustiano carranza,CDMX,0.05048984093,2438708.1,129032.41117152557,2012,133,68127.78904109591,512.2390153465857,141.44407487181687,879.9041095890412,168.0575342465753,444.81095890410955,513.2136986301371,593.5917808219178,2012
2012-09-30,venustiano carranza,CDMX,0.05048984093,2592835.4,129804.84514994545,2012,133,68398.21643835619,514.2723040477907,143.1943039329148,886.3863013698632,167.59452054794517,444.2657534246575,513.6931506849315,596.0164383561646,2012
2012-12-31,venustiano carranza,CDMX,0.05048984093,2598596.7,130312.28319824424,2012,133,65198.31780821917,490.2129158512719,135.25783909769416,848.9780821917809,167.44383561643838,420.0465753424658,486.5232876712328,565.7315068493151,2012
2013-03-31,venustiano carranza,CDMX,0.05048984093,2673066.3,131049.90884920396,2013,133,66326.21369863012,498.69333607992576,141.77358854571702,882.2876712328767,170.69863013698628,423.23561643835615,492.1698630136986,575.5561643835616,2013
2013-06-30,venustiano carranza,CDMX,0.05048984093,2479978.8,131705.73780224202,2013,133,71026.37808219176,534.0329179112164,161.79678095974046,974.8082191780823,174.9205479452055,446.79452054794524,525.6849315068492,616.295890410959,2013
2013-09-30,venustiano carranza,CDMX,0.05048984093,2668439.8,132360.8176122653,2013,133,70484.49315068494,529.9585951179318,164.43793833345381,984.4328767123288,183.1205479452055,436.5643835616438,521.1068493150684,608.9972602739728,2013
2013-12-31,venustiano carranza,CDMX,0.05048984093,2626906.9,132982.51921957277,2013,133,66994.79726027399,503.7202801524359,157.52621667185258,950.2931506849318,182.23561643835615,412.6164383561643,494.8027397260274,576.3589041095889,2013
2014-06-30,venustiano carranza,CDMX,0.05048984093,2503000.3,133603.2040877085,2014,133,75002.96712328769,563.932083633742,186.83184636815747,1111.9068493150683,184.24657534246577,462.2383561643835,554.1013698630139,647.33698630137,2014
2014-09-30,venustiano carranza,CDMX,0.05048984093,2686402.8,134617.03693796785,2014,133,76055.47397260273,571.8456689669379,189.16937630842878,1129.7972602739728,184.76986301369865,472.0109589041095,561.7068493150687,656.7534246575342,2014
2014-12-31,venustiano carranza,CDMX,0.05048984093,2666305.5,135913.8091766918,2014,133,73993.04931506849,556.3387166546502,179.3309680234307,1088.9780821917814,189.59178082191778,463.8931506849314,546.13698630137,637.6054794520546,2014
2015-03-31,venustiano carranza,CDMX,0.05048984093,2869792.9,136857.0294599185,2015,133,79509.57808219179,597.8163765578329,195.49735074607906,1175.6054794520546,196.21095890410956,498.23013698630143,587.9095890410958,686.6849315068494,2015
2015-09-30,venustiano carranza,CDMX,0.05048984093,2751624.2,138317.67720647197,2015,133,89370.50410958903,671.9586775157072,224.24144011600612,1299.9041095890404,205.44657534246576,554.3506849315071,669.3178082191778,780.2273972602742,2015
2015-12-31,venustiano carranza,CDMX,0.05048984093,2705692.6,139155.91775019097,2015,133,83931.73424657535,631.0656710268821,202.35283041325894,1185.4904109589042,208.43287671232875,521.0821917808219,632.9726027397261,733.3780821917808,2015
2016-03-31,venustiano carranza,CDMX,0.05048984093,2957233.6,139604.98512451362,2016,133,82368.52876712331,619.312246369348,195.71739556471485,1155.1972602739727,205.15616438356165,511.6547945205479,623.2027397260273,721.2931506849317,2016
2016-06-30,venustiano carranza,CDMX,0.05048984093,2632606.6,140536.70003523838,2016,133,88913.21369863015,668.5204037490988,216.06290444115402,1252.1013698630138,201.06301369863016,554.591780821918,675.1972602739726,783.1232876712328,2016
2016-09-30,venustiano carranza,CDMX,0.05048984093,2777401.3,141863.05111614816,2016,133,88763.86027397259,667.3974456689671,215.331512025818,1256.821917808219,198.04657534246573,557.6136986301369,672.2493150684934,780.909589041096,2016
2016-12-31,venustiano carranza,CDMX,0.05048984093,2827543.6,142750.46687156393,2016,133,83854.03835616438,630.4814913997321,198.11140243247183,1168.3616438356166,195.9260273972603,530.8438356164381,632.3972602739727,734.7561643835618,2016
2017-03-31,venustiano carranza,CDMX,0.05048984093,3045539.9,143158.2487029581,2017,133,84528.71506849314,635.5542486352867,200.4947780150788,1188.13698630137,192.5287671232877,538.5698630136985,636.6876712328769,740.4383561643835,2017
2017-06-30,venustiano carranza,CDMX,0.05048984093,2684909.3,143218.11387622578,2017,133,91837.7178082192,690.5091564527759,223.43633672868188,1320.0301369863016,195.50958904109586,592.191780821918,691.7671232876713,801.358904109589,2017
2017-09-30,venustiano carranza,CDMX,0.05048984093,2789710.7,143710.9944411384,2017,133,91054.43561643832,684.6198166649501,216.77938217789,1307.041095890411,206.10410958904106,591.2082191780825,684.4931506849315,789.635616438356,2017
2017-12-31,venustiano carranza,CDMX,0.05048984093,2824719.7,144358.57966539866,2017,133,84910.23561643835,638.422824183747,194.74812964955933,1190.8794520547947,206.8328767123288,554.890410958904,639.3068493150687,733.3726027397262,2017
2018-06-30,venustiano carranza,CDMX,0.05048984093,2706598.0,146291.44627171019,2018,133,91690.17534246575,689.3998146050055,213.09192474151598,1312.646575342466,212.15068493150685,604.4,692.7342465753426,787.4876712328767,2018
2018-09-30,venustiano carranza,CDMX,0.05048984093,2895109.0,146797.30714360293,2018,133,90667.61369863011,681.7113811927079,205.7707372529892,1262.1013698630136,219.02739726027397,596.8383561643835,684.8712328767125,778.6657534246577,2018
2018-12-31,venustiano carranza,CDMX,0.05048984093,2898492.7,146666.54792243938,2018,133,86284.60821917807,648.7564527757751,191.6090130429153,1166.6109589041098,217.07945205479447,566.6191780821918,652.4410958904111,742.2739726027398,2018
2019-03-31,venustiano carranza,CDMX,0.05048984093,3132839.1,146498.5107894712,2019,133,86391.68493150682,649.5615408383974,189.3418610915327,1156.0931506849317,222.1205479452055,566.8876712328766,652.9917808219176,743.5205479452054,2019
2019-06-30,venustiano carranza,CDMX,0.05048984093,2679500.0,145905.9323535352,2019,133,93332.50136986302,701.7481306004738,211.36798940045364,1237.3808219178086,225.32328767123286,610.0986301369863,705.6246575342464,809.3780821917808,2019
2019-09-30,venustiano carranza,CDMX,0.05048984093,2895581.9,143569.3073250286,2019,133,91813.62191780822,690.327984344423,206.39113862818246,1196.1835616438354,233.44657534246582,595.0301369863014,694.3123287671233,800.6602739726026,2019
2020-06-30,venustiano carranza,CDMX,0.05048984093,2151114.3,130177.35225397385,2020,133,89117.0301369863,670.0528581728295,198.36886082267873,1135.0438356164386,225.2493150684932,584.2520547945205,682.095890410959,783.5150684931507,2020
2020-09-30,venustiano carranza,CDMX,0.05048984093,2577710.4,129761.3942239641,2020,133,91061.62191780821,684.6738490060768,199.04530138107455,1131.28493150685,227.7150684931507,606.5287671232877,703.9260273972602,801.8301369863012,2020
2020-12-31,venustiano carranza,CDMX,0.05048984093,2650584.1,133524.237345371,2020,133,84469.38356164383,635.108147080029,176.09350762100004,1015.8493150684934,222.80273972602745,566.6986301369864,655.6410958904112,743.2821917808218,2020
2021-03-31,venustiano carranza,CDMX,0.05048984093,2944607.2,137315.70757546215,2021,133,85697.27123287671,644.3403852095993,177.91172552269052,1012.7835616438354,216.0712328767123,578.558904109589,667.0493150684931,756.468493150685,2021
2021-06-30,venustiano carranza,CDMX,0.05048984093,2659692.8,137541.12451927824,2021,133,91108.58904109588,685.0269852713976,188.29031175705276,1058.6657534246576,219.10958904109583,617.1479452054793,712.2575342465755,807.0328767123289,2021
2021-09-30,venustiano carranza,CDMX,0.05048984093,2669881.7,137324.69792276275,2021,133,94104.86575342467,707.5553816046969,193.9144631382899,1075.7808219178085,222.0438356164384,632.9671232876711,735.0986301369862,835.9013698630135,2021
2021-12-31,venustiano carranza,CDMX,0.05048984093,2594129.6,137756.93009075025,2021,133,89635.14794520548,673.9484807910187,181.91265173555823,1021.4986301369862,222.47123287671235,596.7972602739725,697.0931506849314,796.8876712328766,2021
2022-03-31,venustiano carranza,CDMX,0.05048984093,2966769.4,139128.56614111317,2022,133,94515.101369863,710.6398599237821,192.84649425445735,1081.5095890410955,228.44931506849318,628.6767123287672,735.0931506849314,840.2246575342464,2022
2022-06-30,venustiano carranza,CDMX,0.05048984093,2706016.8,141479.90895825083,2022,133,103985.50684931508,781.8459161602635,220.96001067900175,1209.7671232876712,232.63561643835612,691.6739726027396,811.0684931506851,928.0136986301371,2022
2022-09-30,venustiano carranza,CDMX,0.05048984093,2840890.3,143645.25477487853,2022,133,105643.60547945208,794.3128231537747,229.23651669699012,1250.8684931506853,239.6602739726028,700.1671232876711,822.1095890410961,942.7780821917806,2022
2023-03-31,venustiano carranza,CDMX,0.05048984093,3108307.2,147484.88915760187,2023,133,104397.75616438354,784.9455350705533,231.56351543231102,1281.186301369863,244.9780821917808,687.9945205479454,810.2520547945205,929.0904109589042,2023
2023-06-30,venustiano carranza,CDMX,0.05048984093,2859903.6,148701.92720840615,2023,133,108842.498630137,818.3646513544134,245.0722910587013,1336.7753424657535,245.2219178082192,718.0712328767123,846.0876712328768,970.331506849315,2023
2023-12-31,venustiano carranza,CDMX,0.05048984093,2829452.9,148701.92720840615,2023,133,125577.93972602744,944.1950355340406,220.75472057161164,1425.0493150684931,426.9397260273974,850.0630136986301,966.304109589041,1081.7890410958908,2023
